observation_date,DGS1MO
02/01/2008,3.09
03/01/2008,3.19
04/01/2008,3.22
07/01/2008,3.27
08/01/2008,3.31
09/01/2008,3.34
10/01/2008,3.37
11/01/2008,3.23
14/01/2008,3.2
15/01/2008,3.15
16/01/2008,3.14
17/01/2008,3.07
18/01/2008,2.63
21/01/2008,
22/01/2008,2.15
23/01/2008,2.07
24/01/2008,2.19
25/01/2008,2.07
28/01/2008,2.12
29/01/2008,2.13
30/01/2008,1.93
31/01/2008,1.64
01/02/2008,1.75
04/02/2008,2.15
05/02/2008,2.22
06/02/2008,2.12
07/02/2008,2.19
08/02/2008,2.24
11/02/2008,2.35
12/02/2008,2.55
13/02/2008,2.5
14/02/2008,2.5
15/02/2008,2.4
18/02/2008,
19/02/2008,2.37
20/02/2008,2.4
21/02/2008,2.35
22/02/2008,2.33
25/02/2008,2.34
26/02/2008,2.34
27/02/2008,2.21
28/02/2008,2.08
29/02/2008,2.07
03/03/2008,1.99
04/03/2008,2.01
05/03/2008,1.91
06/03/2008,1.73
07/03/2008,1.65
10/03/2008,1.63
11/03/2008,1.82
12/03/2008,1.68
13/03/2008,1.56
14/03/2008,1.2
17/03/2008,1.16
18/03/2008,0.71
19/03/2008,0.26
20/03/2008,0.37
21/03/2008,
24/03/2008,0.67
25/03/2008,1.47
26/03/2008,1.36
27/03/2008,1.32
28/03/2008,1.29
31/03/2008,1.22
01/04/2008,1.55
02/04/2008,1.55
03/04/2008,1.56
04/04/2008,1.5
07/04/2008,1.42
08/04/2008,1.34
09/04/2008,1.06
10/04/2008,0.98
11/04/2008,0.9
14/04/2008,0.85
15/04/2008,0.84
16/04/2008,0.86
17/04/2008,0.87
18/04/2008,0.9
21/04/2008,0.9
22/04/2008,0.72
23/04/2008,0.78
24/04/2008,0.81
25/04/2008,0.8
28/04/2008,0.94
29/04/2008,1.28
30/04/2008,1.17
01/05/2008,1.23
02/05/2008,1.25
05/05/2008,1.34
06/05/2008,1.53
07/05/2008,1.57
08/05/2008,1.55
09/05/2008,1.6
12/05/2008,1.73
13/05/2008,1.86
14/05/2008,1.86
15/05/2008,1.84
16/05/2008,1.85
19/05/2008,1.93
20/05/2008,1.97
21/05/2008,1.95
22/05/2008,1.97
23/05/2008,1.92
26/05/2008,
27/05/2008,1.91
28/05/2008,2.07
29/05/2008,2.02
30/05/2008,1.98
02/06/2008,1.94
03/06/2008,1.96
04/06/2008,1.85
05/06/2008,1.79
06/06/2008,1.75
09/06/2008,1.8
10/06/2008,2
11/06/2008,1.91
12/06/2008,1.92
13/06/2008,1.86
16/06/2008,1.89
17/06/2008,1.82
18/06/2008,1.7
19/06/2008,1.59
20/06/2008,1.49
23/06/2008,1.55
24/06/2008,1.58
25/06/2008,1.49
26/06/2008,1.42
27/06/2008,1.29
30/06/2008,1.6
01/07/2008,1.92
02/07/2008,1.87
03/07/2008,1.86
04/07/2008,
07/07/2008,1.8
08/07/2008,1.86
09/07/2008,1.82
10/07/2008,1.48
11/07/2008,1.38
14/07/2008,1.41
15/07/2008,1.49
16/07/2008,1.36
17/07/2008,1.31
18/07/2008,1.28
21/07/2008,1.32
22/07/2008,1.5
23/07/2008,1.59
24/07/2008,1.69
25/07/2008,1.72
28/07/2008,1.68
29/07/2008,1.73
30/07/2008,1.66
31/07/2008,1.55
01/08/2008,1.52
04/08/2008,1.61
05/08/2008,1.73
06/08/2008,1.53
07/08/2008,1.53
08/08/2008,1.63
11/08/2008,1.77
12/08/2008,1.73
13/08/2008,1.8
14/08/2008,1.76
15/08/2008,1.73
18/08/2008,1.77
19/08/2008,1.83
20/08/2008,1.74
21/08/2008,1.73
22/08/2008,1.67
25/08/2008,1.66
26/08/2008,1.67
27/08/2008,1.58
28/08/2008,1.63
29/08/2008,1.63
01/09/2008,
02/09/2008,1.64
03/09/2008,1.57
04/09/2008,1.56
05/09/2008,1.53
08/09/2008,1.59
09/09/2008,1.59
10/09/2008,1.58
11/09/2008,1.53
12/09/2008,1.37
15/09/2008,0.36
16/09/2008,0.23
17/09/2008,0.07
18/09/2008,0.26
19/09/2008,0.75
22/09/2008,0.76
23/09/2008,0.3
24/09/2008,0.13
25/09/2008,0.39
26/09/2008,0.21
29/09/2008,0.16
30/09/2008,1.02
01/10/2008,0.66
02/10/2008,0.21
03/10/2008,0.15
06/10/2008,0.19
07/10/2008,0.39
08/10/2008,0.23
09/10/2008,0.19
10/10/2008,0.07
13/10/2008,
14/10/2008,0.07
15/10/2008,0.05
16/10/2008,0.12
17/10/2008,0.13
20/10/2008,0.53
21/10/2008,0.71
22/10/2008,0.6
23/10/2008,0.39
24/10/2008,0.33
27/10/2008,0.31
28/10/2008,0.42
29/10/2008,0.41
30/10/2008,0.14
31/10/2008,0.12
03/11/2008,0.2
04/11/2008,0.29
05/11/2008,0.16
06/11/2008,0.13
07/11/2008,0.13
10/11/2008,0.11
11/11/2008,
12/11/2008,0.1
13/11/2008,0.08
14/11/2008,0.06
17/11/2008,0.06
18/11/2008,0.1
19/11/2008,0.09
20/11/2008,0.05
21/11/2008,0.03
24/11/2008,0.01
25/11/2008,0.04
26/11/2008,0.02
27/11/2008,
28/11/2008,0.02
01/12/2008,0.09
02/12/2008,0.04
03/12/2008,0.02
04/12/2008,0.01
05/12/2008,0.02
08/12/2008,0.01
09/12/2008,0.04
10/12/2008,0
11/12/2008,0
12/12/2008,0.03
15/12/2008,0
16/12/2008,0.05
17/12/2008,0.03
18/12/2008,0.03
19/12/2008,0
22/12/2008,0.01
23/12/2008,0.01
24/12/2008,0
25/12/2008,
26/12/2008,0.01
29/12/2008,0.04
30/12/2008,0.11
31/12/2008,0.11
01/01/2009,
02/01/2009,0.04
05/01/2009,0.05
06/01/2009,0.05
07/01/2009,0.03
08/01/2009,0.04
09/01/2009,0.03
12/01/2009,0.04
13/01/2009,0.02
14/01/2009,0.07
15/01/2009,0.03
16/01/2009,0.04
19/01/2009,
20/01/2009,0.04
21/01/2009,0.03
22/01/2009,0.03
23/01/2009,0.03
26/01/2009,0.02
27/01/2009,0.05
28/01/2009,0.08
29/01/2009,0.14
30/01/2009,0.15
02/02/2009,0.19
03/02/2009,0.28
04/02/2009,0.26
05/02/2009,0.21
06/02/2009,0.21
09/02/2009,0.22
10/02/2009,0.24
11/02/2009,0.22
12/02/2009,0.25
13/02/2009,0.23
16/02/2009,
17/02/2009,0.26
18/02/2009,0.23
19/02/2009,0.22
20/02/2009,0.19
23/02/2009,0.19
24/02/2009,0.22
25/02/2009,0.21
26/02/2009,0.18
27/02/2009,0.16
02/03/2009,0.17
03/03/2009,0.14
04/03/2009,0.15
05/03/2009,0.11
06/03/2009,0.09
09/03/2009,0.12
10/03/2009,0.14
11/03/2009,0.14
12/03/2009,0.11
13/03/2009,0.09
16/03/2009,0.11
17/03/2009,0.14
18/03/2009,0.15
19/03/2009,0.1
20/03/2009,0.09
23/03/2009,0.1
24/03/2009,0.05
25/03/2009,0.03
26/03/2009,0.02
27/03/2009,0.03
30/03/2009,0.05
31/03/2009,0.17
01/04/2009,0.18
02/04/2009,0.17
03/04/2009,0.16
06/04/2009,0.16
07/04/2009,0.17
08/04/2009,0.15
09/04/2009,0.13
10/04/2009,
13/04/2009,0.12
14/04/2009,0.09
15/04/2009,0.07
16/04/2009,0.02
17/04/2009,0.04
20/04/2009,0.04
21/04/2009,0.07
22/04/2009,0.08
23/04/2009,0.08
24/04/2009,0.07
27/04/2009,0.07
28/04/2009,0.05
29/04/2009,0.04
30/04/2009,0.04
01/05/2009,0.06
04/05/2009,0.14
05/05/2009,0.14
06/05/2009,0.14
07/05/2009,0.15
08/05/2009,0.15
11/05/2009,0.16
12/05/2009,0.16
13/05/2009,0.15
14/05/2009,0.1
15/05/2009,0.11
18/05/2009,0.12
19/05/2009,0.14
20/05/2009,0.18
21/05/2009,0.13
22/05/2009,0.13
25/05/2009,
26/05/2009,0.13
27/05/2009,0.18
28/05/2009,0.14
29/05/2009,0.14
01/06/2009,0.13
02/06/2009,0.06
03/06/2009,0.08
04/06/2009,0.08
05/06/2009,0.08
08/06/2009,0.08
09/06/2009,0.09
10/06/2009,0.11
11/06/2009,0.09
12/06/2009,0.08
15/06/2009,0.08
16/06/2009,0.09
17/06/2009,0.11
18/06/2009,0.12
19/06/2009,0.1
22/06/2009,0.12
23/06/2009,0.15
24/06/2009,0.1
25/06/2009,0.07
26/06/2009,0.07
29/06/2009,0.11
30/06/2009,0.17
01/07/2009,0.13
02/07/2009,0.15
03/07/2009,
06/07/2009,0.15
07/07/2009,0.16
08/07/2009,0.15
09/07/2009,0.16
10/07/2009,0.15
13/07/2009,0.15
14/07/2009,0.15
15/07/2009,0.11
16/07/2009,0.15
17/07/2009,0.15
20/07/2009,0.15
21/07/2009,0.16
22/07/2009,0.15
23/07/2009,0.15
24/07/2009,0.15
27/07/2009,0.15
28/07/2009,0.14
29/07/2009,0.14
30/07/2009,0.14
31/07/2009,0.14
03/08/2009,0.15
04/08/2009,0.15
05/08/2009,0.15
06/08/2009,0.15
07/08/2009,0.14
10/08/2009,0.15
11/08/2009,0.14
12/08/2009,0.14
13/08/2009,0.1
14/08/2009,0.1
17/08/2009,0.11
18/08/2009,0.14
19/08/2009,0.1
20/08/2009,0.11
21/08/2009,0.11
24/08/2009,0.11
25/08/2009,0.12
26/08/2009,0.11
27/08/2009,0.11
28/08/2009,0.11
31/08/2009,0.11
01/09/2009,0.08
02/09/2009,0.09
03/09/2009,0.09
04/09/2009,0.09
07/09/2009,
08/09/2009,0.1
09/09/2009,0.09
10/09/2009,0.08
11/09/2009,0.08
14/09/2009,0.08
15/09/2009,0.05
16/09/2009,0.03
17/09/2009,0.03
18/09/2009,0.03
21/09/2009,0.05
22/09/2009,0.05
23/09/2009,0.05
24/09/2009,0.03
25/09/2009,0.03
28/09/2009,0.03
29/09/2009,0.07
30/09/2009,0.06
01/10/2009,0.03
02/10/2009,0.04
05/10/2009,0.04
06/10/2009,0.05
07/10/2009,0.06
08/10/2009,0.03
09/10/2009,0.04
12/10/2009,
13/10/2009,0.04
14/10/2009,0.05
15/10/2009,0.06
16/10/2009,0.06
19/10/2009,0.06
20/10/2009,0.05
21/10/2009,0.05
22/10/2009,0.02
23/10/2009,0.02
26/10/2009,0.04
27/10/2009,0.05
28/10/2009,0.04
29/10/2009,0.02
30/10/2009,0.01
02/11/2009,0.03
03/11/2009,0.04
04/11/2009,0.05
05/11/2009,0.06
06/11/2009,0.06
09/11/2009,0.06
10/11/2009,0.06
11/11/2009,
12/11/2009,0.06
13/11/2009,0.05
16/11/2009,0.05
17/11/2009,0.05
18/11/2009,0.04
19/11/2009,0.03
20/11/2009,0.04
23/11/2009,0.05
24/11/2009,0.06
25/11/2009,0.07
26/11/2009,
27/11/2009,0.06
30/11/2009,0.08
01/12/2009,0.09
02/12/2009,0.08
03/12/2009,0.09
04/12/2009,0.08
07/12/2009,0.07
08/12/2009,0.02
09/12/2009,0.01
10/12/2009,0.01
11/12/2009,0.01
14/12/2009,0.02
15/12/2009,0.02
16/12/2009,0.02
17/12/2009,0.01
18/12/2009,0.01
21/12/2009,0.01
22/12/2009,0.01
23/12/2009,0.01
24/12/2009,0.02
25/12/2009,
28/12/2009,0.03
29/12/2009,0.02
30/12/2009,0.02
31/12/2009,0.04
01/01/2010,
04/01/2010,0.05
05/01/2010,0.03
06/01/2010,0.03
07/01/2010,0.02
08/01/2010,0.02
11/01/2010,0.01
12/01/2010,0.02
13/01/2010,0.02
14/01/2010,0.02
15/01/2010,0.03
18/01/2010,
19/01/2010,0.03
20/01/2010,0.03
21/01/2010,0.02
22/01/2010,0.02
25/01/2010,0.02
26/01/2010,0.02
27/01/2010,0.01
28/01/2010,0.01
29/01/2010,0.02
01/02/2010,0.05
02/02/2010,0.04
03/02/2010,0.05
04/02/2010,0.04
05/02/2010,0.03
08/02/2010,0.04
09/02/2010,0.05
10/02/2010,0.06
11/02/2010,0.05
12/02/2010,0.04
15/02/2010,
16/02/2010,0.04
17/02/2010,0.07
18/02/2010,0.07
19/02/2010,0.06
22/02/2010,0.06
23/02/2010,0.08
24/02/2010,0.08
25/02/2010,0.09
26/02/2010,0.09
01/03/2010,0.09
02/03/2010,0.09
03/03/2010,0.09
04/03/2010,0.09
05/03/2010,0.11
08/03/2010,0.11
09/03/2010,0.12
10/03/2010,0.12
11/03/2010,0.12
12/03/2010,0.1
15/03/2010,0.12
16/03/2010,0.14
17/03/2010,0.13
18/03/2010,0.14
19/03/2010,0.13
22/03/2010,0.13
23/03/2010,0.11
24/03/2010,0.12
25/03/2010,0.12
26/03/2010,0.11
29/03/2010,0.11
30/03/2010,0.13
31/03/2010,0.15
01/04/2010,0.16
02/04/2010,0.15
05/04/2010,0.16
06/04/2010,0.17
07/04/2010,0.16
08/04/2010,0.16
09/04/2010,0.16
12/04/2010,0.15
13/04/2010,0.15
14/04/2010,0.15
15/04/2010,0.16
16/04/2010,0.15
19/04/2010,0.15
20/04/2010,0.14
21/04/2010,0.14
22/04/2010,0.15
23/04/2010,0.14
26/04/2010,0.14
27/04/2010,0.14
28/04/2010,0.14
29/04/2010,0.15
30/04/2010,0.14
03/05/2010,0.14
04/05/2010,0.15
05/05/2010,0.14
06/05/2010,0.06
07/05/2010,0.08
10/05/2010,0.13
11/05/2010,0.15
12/05/2010,0.16
13/05/2010,0.15
14/05/2010,0.15
17/05/2010,0.16
18/05/2010,0.17
19/05/2010,0.17
20/05/2010,0.17
21/05/2010,0.17
24/05/2010,0.16
25/05/2010,0.16
26/05/2010,0.16
27/05/2010,0.16
28/05/2010,0.15
31/05/2010,
01/06/2010,0.14
02/06/2010,0.13
03/06/2010,0.13
04/06/2010,0.12
07/06/2010,0.1
08/06/2010,0.1
09/06/2010,0.08
10/06/2010,0.06
11/06/2010,0.04
14/06/2010,0.02
15/06/2010,0.03
16/06/2010,0.06
17/06/2010,0.05
18/06/2010,0.04
21/06/2010,0.05
22/06/2010,0.08
23/06/2010,0.07
24/06/2010,0.07
25/06/2010,0.05
28/06/2010,0.07
29/06/2010,0.09
30/06/2010,0.17
01/07/2010,0.16
02/07/2010,0.16
05/07/2010,
06/07/2010,0.17
07/07/2010,0.17
08/07/2010,0.17
09/07/2010,0.16
12/07/2010,0.16
13/07/2010,0.16
14/07/2010,0.16
15/07/2010,0.16
16/07/2010,0.14
19/07/2010,0.15
20/07/2010,0.16
21/07/2010,0.16
22/07/2010,0.15
23/07/2010,0.15
26/07/2010,0.15
27/07/2010,0.16
28/07/2010,0.15
29/07/2010,0.15
30/07/2010,0.14
02/08/2010,0.14
03/08/2010,0.15
04/08/2010,0.15
05/08/2010,0.15
06/08/2010,0.14
09/08/2010,0.14
10/08/2010,0.15
11/08/2010,0.15
12/08/2010,0.15
13/08/2010,0.14
16/08/2010,0.15
17/08/2010,0.16
18/08/2010,0.16
19/08/2010,0.16
20/08/2010,0.15
23/08/2010,0.15
24/08/2010,0.17
25/08/2010,0.17
26/08/2010,0.17
27/08/2010,0.17
30/08/2010,0.16
31/08/2010,0.16
01/09/2010,0.16
02/09/2010,0.15
03/09/2010,0.15
06/09/2010,
07/09/2010,0.13
08/09/2010,0.1
09/09/2010,0.1
10/09/2010,0.1
13/09/2010,0.1
14/09/2010,0.11
15/09/2010,0.11
16/09/2010,0.12
17/09/2010,0.12
20/09/2010,0.12
21/09/2010,0.12
22/09/2010,0.12
23/09/2010,0.13
24/09/2010,0.09
27/09/2010,0.08
28/09/2010,0.08
29/09/2010,0.12
30/09/2010,0.14
01/10/2010,0.15
04/10/2010,0.15
05/10/2010,0.14
06/10/2010,0.14
07/10/2010,0.15
08/10/2010,0.14
11/10/2010,
12/10/2010,0.14
13/10/2010,0.14
14/10/2010,0.15
15/10/2010,0.14
18/10/2010,0.14
19/10/2010,0.14
20/10/2010,0.14
21/10/2010,0.13
22/10/2010,0.13
25/10/2010,0.13
26/10/2010,0.14
27/10/2010,0.14
28/10/2010,0.14
29/10/2010,0.14
01/11/2010,0.14
02/11/2010,0.13
03/11/2010,0.13
04/11/2010,0.13
05/11/2010,0.13
08/11/2010,0.12
09/11/2010,0.11
10/11/2010,0.12
11/11/2010,
12/11/2010,0.11
15/11/2010,0.12
16/11/2010,0.13
17/11/2010,0.13
18/11/2010,0.13
19/11/2010,0.12
22/11/2010,0.12
23/11/2010,0.15
24/11/2010,0.16
25/11/2010,
26/11/2010,0.16
29/11/2010,0.16
30/11/2010,0.18
01/12/2010,0.17
02/12/2010,0.16
03/12/2010,0.14
06/12/2010,0.14
07/12/2010,0.08
08/12/2010,0.08
09/12/2010,0.09
10/12/2010,0.09
13/12/2010,0.1
14/12/2010,0.09
15/12/2010,0.08
16/12/2010,0.08
17/12/2010,0.05
20/12/2010,0.04
21/12/2010,0.09
22/12/2010,0.07
23/12/2010,0.07
24/12/2010,
27/12/2010,0.06
28/12/2010,0.08
29/12/2010,0.05
30/12/2010,0.05
31/12/2010,0.07
03/01/2011,0.11
04/01/2011,0.12
05/01/2011,0.13
06/01/2011,0.13
07/01/2011,0.13
10/01/2011,0.14
11/01/2011,0.15
12/01/2011,0.15
13/01/2011,0.15
14/01/2011,0.14
17/01/2011,
18/01/2011,0.15
19/01/2011,0.16
20/01/2011,0.15
21/01/2011,0.15
24/01/2011,0.15
25/01/2011,0.15
26/01/2011,0.15
27/01/2011,0.13
28/01/2011,0.13
31/01/2011,0.15
01/02/2011,0.16
02/02/2011,0.15
03/02/2011,0.14
04/02/2011,0.13
07/02/2011,0.13
08/02/2011,0.14
09/02/2011,0.11
10/02/2011,0.08
11/02/2011,0.08
14/02/2011,0.09
15/02/2011,0.11
16/02/2011,0.1
17/02/2011,0.08
18/02/2011,0.08
21/02/2011,
22/02/2011,0.1
23/02/2011,0.12
24/02/2011,0.13
25/02/2011,0.12
28/02/2011,0.13
01/03/2011,0.07
02/03/2011,0.12
03/03/2011,0.12
04/03/2011,0.11
07/03/2011,0.1
08/03/2011,0.07
09/03/2011,0.07
10/03/2011,0.04
11/03/2011,0.04
14/03/2011,0.05
15/03/2011,0.07
16/03/2011,0.06
17/03/2011,0.06
18/03/2011,0.06
21/03/2011,0.06
22/03/2011,0.07
23/03/2011,0.06
24/03/2011,0.04
25/03/2011,0.04
28/03/2011,0.04
29/03/2011,0.06
30/03/2011,0.03
31/03/2011,0.05
01/04/2011,0.03
04/04/2011,0.02
05/04/2011,0.05
06/04/2011,0.03
07/04/2011,0.03
08/04/2011,0.02
11/04/2011,0.02
12/04/2011,0.02
13/04/2011,0.03
14/04/2011,0.04
15/04/2011,0.04
18/04/2011,0.03
19/04/2011,0.04
20/04/2011,0.04
21/04/2011,0.03
22/04/2011,
25/04/2011,0.03
26/04/2011,0.02
27/04/2011,0.03
28/04/2011,0.02
29/04/2011,0.02
02/05/2011,0.02
03/05/2011,0.02
04/05/2011,0.02
05/05/2011,0.01
06/05/2011,0.02
09/05/2011,0.01
10/05/2011,0.02
11/05/2011,0.01
12/05/2011,0.01
13/05/2011,0.01
16/05/2011,0.02
17/05/2011,0.03
18/05/2011,0.03
19/05/2011,0.02
20/05/2011,0.03
23/05/2011,0.03
24/05/2011,0.04
25/05/2011,0.04
26/05/2011,0.04
27/05/2011,0.04
30/05/2011,
31/05/2011,0.04
01/06/2011,0.04
02/06/2011,0.04
03/06/2011,0.04
06/06/2011,0.03
07/06/2011,0.01
08/06/2011,0.01
09/06/2011,0.02
10/06/2011,0.02
13/06/2011,0.02
14/06/2011,0.03
15/06/2011,0.02
16/06/2011,0.02
17/06/2011,0.02
20/06/2011,0.02
21/06/2011,0.01
22/06/2011,0.01
23/06/2011,0.01
24/06/2011,0.01
27/06/2011,0.01
28/06/2011,0.01
29/06/2011,0.01
30/06/2011,0.01
01/07/2011,0.01
04/07/2011,
05/07/2011,0.01
06/07/2011,0.01
07/07/2011,0.03
08/07/2011,0.03
11/07/2011,0.02
12/07/2011,0.01
13/07/2011,0.01
14/07/2011,0.01
15/07/2011,0.02
18/07/2011,0.01
19/07/2011,0.02
20/07/2011,0.01
21/07/2011,0.04
22/07/2011,0.05
25/07/2011,0.05
26/07/2011,0.07
27/07/2011,0.08
28/07/2011,0.1
29/07/2011,0.16
01/08/2011,0.13
02/08/2011,0.05
03/08/2011,0.01
04/08/2011,0.01
05/08/2011,0.01
08/08/2011,0.02
09/08/2011,0.02
10/08/2011,0.02
11/08/2011,0.01
12/08/2011,0.01
15/08/2011,0
16/08/2011,0.02
17/08/2011,0.01
18/08/2011,0.01
19/08/2011,0
22/08/2011,0.01
23/08/2011,0.01
24/08/2011,0.02
25/08/2011,0.01
26/08/2011,0
29/08/2011,0
30/08/2011,0.01
31/08/2011,0.01
01/09/2011,0.02
02/09/2011,0.02
05/09/2011,
06/09/2011,0.02
07/09/2011,0
08/09/2011,0.01
09/09/2011,0
12/09/2011,0.01
13/09/2011,0
14/09/2011,0
15/09/2011,0
16/09/2011,0.01
19/09/2011,0
20/09/2011,0
21/09/2011,0.01
22/09/2011,0
23/09/2011,0
26/09/2011,0
27/09/2011,0
28/09/2011,0
29/09/2011,0
30/09/2011,0.02
03/10/2011,0.01
04/10/2011,0.01
05/10/2011,0
06/10/2011,0.01
07/10/2011,0.01
10/10/2011,
11/10/2011,0.01
12/10/2011,0.01
13/10/2011,0.02
14/10/2011,0.02
17/10/2011,0.02
18/10/2011,0.02
19/10/2011,0.01
20/10/2011,0.02
21/10/2011,0.01
24/10/2011,0.01
25/10/2011,0.01
26/10/2011,0.01
27/10/2011,0.02
28/10/2011,0.02
31/10/2011,0.02
01/11/2011,0.01
02/11/2011,0.01
03/11/2011,0.01
04/11/2011,0.01
07/11/2011,0.01
08/11/2011,0.01
09/11/2011,0.01
10/11/2011,0.01
11/11/2011,
14/11/2011,0.01
15/11/2011,0.01
16/11/2011,0.01
17/11/2011,0.01
18/11/2011,0.02
21/11/2011,0.02
22/11/2011,0.02
23/11/2011,0.02
24/11/2011,
25/11/2011,0.02
28/11/2011,0.02
29/11/2011,0.02
30/11/2011,0.02
01/12/2011,0.02
02/12/2011,0.02
05/12/2011,0.01
06/12/2011,0
07/12/2011,0
08/12/2011,0
09/12/2011,0
12/12/2011,0
13/12/2011,0
14/12/2011,0
15/12/2011,0
16/12/2011,0
19/12/2011,0
20/12/2011,0
21/12/2011,0
22/12/2011,0
23/12/2011,0
26/12/2011,
27/12/2011,0.01
28/12/2011,0
29/12/2011,0
30/12/2011,0.01
02/01/2012,
03/01/2012,0.01
04/01/2012,0.01
05/01/2012,0.01
06/01/2012,0.02
09/01/2012,0.01
10/01/2012,0.01
11/01/2012,0.01
12/01/2012,0.02
13/01/2012,0.02
16/01/2012,
17/01/2012,0.02
18/01/2012,0.02
19/01/2012,0.04
20/01/2012,0.03
23/01/2012,0.03
24/01/2012,0.02
25/01/2012,0.03
26/01/2012,0.04
27/01/2012,0.05
30/01/2012,0.05
31/01/2012,0.04
01/02/2012,0.05
02/02/2012,0.07
03/02/2012,0.06
06/02/2012,0.04
07/02/2012,0.06
08/02/2012,0.06
09/02/2012,0.06
10/02/2012,0.05
13/02/2012,0.06
14/02/2012,0.09
15/02/2012,0.09
16/02/2012,0.04
17/02/2012,0.03
20/02/2012,
21/02/2012,0.03
22/02/2012,0.07
23/02/2012,0.07
24/02/2012,0.08
27/02/2012,0.08
28/02/2012,0.1
29/02/2012,0.08
01/03/2012,0.07
02/03/2012,0.06
05/03/2012,0.07
06/03/2012,0.06
07/03/2012,0.06
08/03/2012,0.07
09/03/2012,0.06
12/03/2012,0.05
13/03/2012,0.06
14/03/2012,0.08
15/03/2012,0.08
16/03/2012,0.07
19/03/2012,0.07
20/03/2012,0.08
21/03/2012,0.09
22/03/2012,0.06
23/03/2012,0.06
26/03/2012,0.06
27/03/2012,0.07
28/03/2012,0.05
29/03/2012,0.02
30/03/2012,0.05
02/04/2012,0.05
03/04/2012,0.07
04/04/2012,0.08
05/04/2012,0.07
06/04/2012,0.06
09/04/2012,0.07
10/04/2012,0.08
11/04/2012,0.08
12/04/2012,0.08
13/04/2012,0.07
16/04/2012,0.07
17/04/2012,0.07
18/04/2012,0.05
19/04/2012,0.04
20/04/2012,0.04
23/04/2012,0.04
24/04/2012,0.07
25/04/2012,0.08
26/04/2012,0.09
27/04/2012,0.07
30/04/2012,0.07
01/05/2012,0.07
02/05/2012,0.06
03/05/2012,0.05
04/05/2012,0.05
07/05/2012,0.06
08/05/2012,0.08
09/05/2012,0.07
10/05/2012,0.08
11/05/2012,0.07
14/05/2012,0.07
15/05/2012,0.08
16/05/2012,0.08
17/05/2012,0.08
18/05/2012,0.06
21/05/2012,0.06
22/05/2012,0.07
23/05/2012,0.07
24/05/2012,0.08
25/05/2012,0.07
28/05/2012,
29/05/2012,0.06
30/05/2012,0.05
31/05/2012,0.03
01/06/2012,0.03
04/06/2012,0.04
05/06/2012,0.05
06/06/2012,0.05
07/06/2012,0.04
08/06/2012,0.04
11/06/2012,0.05
12/06/2012,0.06
13/06/2012,0.07
14/06/2012,0.08
15/06/2012,0.05
18/06/2012,0.06
19/06/2012,0.06
20/06/2012,0.06
21/06/2012,0.05
22/06/2012,0.05
25/06/2012,0.06
26/06/2012,0.07
27/06/2012,0.06
28/06/2012,0.02
29/06/2012,0.04
02/07/2012,0.06
03/07/2012,0.08
04/07/2012,
05/07/2012,0.07
06/07/2012,0.06
09/07/2012,0.06
10/07/2012,0.07
11/07/2012,0.07
12/07/2012,0.08
13/07/2012,0.08
16/07/2012,0.04
17/07/2012,0.08
18/07/2012,0.07
19/07/2012,0.06
20/07/2012,0.07
23/07/2012,0.07
24/07/2012,0.08
25/07/2012,0.08
26/07/2012,0.08
27/07/2012,0.07
30/07/2012,0.06
31/07/2012,0.07
01/08/2012,0.07
02/08/2012,0.04
03/08/2012,0.03
06/08/2012,0.05
07/08/2012,0.09
08/08/2012,0.09
09/08/2012,0.1
10/08/2012,0.1
13/08/2012,0.1
14/08/2012,0.11
15/08/2012,0.11
16/08/2012,0.1
17/08/2012,0.09
20/08/2012,0.09
21/08/2012,0.1
22/08/2012,0.1
23/08/2012,0.1
24/08/2012,0.1
27/08/2012,0.1
28/08/2012,0.12
29/08/2012,0.12
30/08/2012,0.12
31/08/2012,0.09
03/09/2012,
04/09/2012,0.1
05/09/2012,0.11
06/09/2012,0.1
07/09/2012,0.09
10/09/2012,0.09
11/09/2012,0.09
12/09/2012,0.09
13/09/2012,0.1
14/09/2012,0.08
17/09/2012,0.06
18/09/2012,0.08
19/09/2012,0.08
20/09/2012,0.06
21/09/2012,0.05
24/09/2012,0.03
25/09/2012,0.06
26/09/2012,0.05
27/09/2012,0.05
28/09/2012,0.06
01/10/2012,0.05
02/10/2012,0.09
03/10/2012,0.09
04/10/2012,0.1
05/10/2012,0.1
08/10/2012,
09/10/2012,0.11
10/10/2012,0.12
11/10/2012,0.12
12/10/2012,0.12
15/10/2012,0.1
16/10/2012,0.13
17/10/2012,0.13
18/10/2012,0.12
19/10/2012,0.11
22/10/2012,0.1
23/10/2012,0.11
24/10/2012,0.13
25/10/2012,0.13
26/10/2012,0.12
29/10/2012,0.13
30/10/2012,
31/10/2012,0.09
01/11/2012,0.06
02/11/2012,0.08
05/11/2012,0.09
06/11/2012,0.12
07/11/2012,0.12
08/11/2012,0.13
09/11/2012,0.13
12/11/2012,
13/11/2012,0.12
14/11/2012,0.15
15/11/2012,0.13
16/11/2012,0.07
19/11/2012,0.06
20/11/2012,0.15
21/11/2012,0.17
22/11/2012,
23/11/2012,0.16
26/11/2012,0.14
27/11/2012,0.17
28/11/2012,0.17
29/11/2012,0.16
30/11/2012,0.11
03/12/2012,0.13
04/12/2012,0.07
05/12/2012,0.07
06/12/2012,0.07
07/12/2012,0.06
10/12/2012,0.05
11/12/2012,0.04
12/12/2012,0.04
13/12/2012,0.02
14/12/2012,0.01
17/12/2012,0.01
18/12/2012,0.04
19/12/2012,0.03
20/12/2012,0.02
21/12/2012,0.02
24/12/2012,0.03
25/12/2012,
26/12/2012,0.05
27/12/2012,0.01
28/12/2012,0
31/12/2012,0.02
01/01/2013,
02/01/2013,0.07
03/01/2013,0.06
04/01/2013,0.06
07/01/2013,0.05
08/01/2013,0.06
09/01/2013,0.04
10/01/2013,0.05
11/01/2013,0.04
14/01/2013,0.05
15/01/2013,0.09
16/01/2013,0.07
17/01/2013,0.05
18/01/2013,0.04
21/01/2013,
22/01/2013,0.04
23/01/2013,0.06
24/01/2013,0.06
25/01/2013,0.06
28/01/2013,0.03
29/01/2013,0.03
30/01/2013,0.04
31/01/2013,0.04
01/02/2013,0.02
04/02/2013,0.03
05/02/2013,0.06
06/02/2013,0.06
07/02/2013,0.03
08/02/2013,0.03
11/02/2013,0.05
12/02/2013,0.08
13/02/2013,0.09
14/02/2013,0.1
15/02/2013,0.09
18/02/2013,
19/02/2013,0.09
20/02/2013,0.12
21/02/2013,0.12
22/02/2013,0.11
25/02/2013,0.09
26/02/2013,0.11
27/02/2013,0.11
28/02/2013,0.07
01/03/2013,0.07
04/03/2013,0.07
05/03/2013,0.09
06/03/2013,0.09
07/03/2013,0.1
08/03/2013,0.09
11/03/2013,0.09
12/03/2013,0.1
13/03/2013,0.09
14/03/2013,0.08
15/03/2013,0.07
18/03/2013,0.07
19/03/2013,0.08
20/03/2013,0.08
21/03/2013,0.08
22/03/2013,0.07
25/03/2013,0.06
26/03/2013,0.08
27/03/2013,0.06
28/03/2013,0.04
29/03/2013,
01/04/2013,0.06
02/04/2013,0.06
03/04/2013,0.06
04/04/2013,0.07
05/04/2013,0.05
08/04/2013,0.05
09/04/2013,0.06
10/04/2013,0.07
11/04/2013,0.06
12/04/2013,0.05
15/04/2013,0.04
16/04/2013,0.06
17/04/2013,0.05
18/04/2013,0.03
19/04/2013,0.04
22/04/2013,0.04
23/04/2013,0.04
24/04/2013,0.05
25/04/2013,0.04
26/04/2013,0.04
29/04/2013,0.03
30/04/2013,0.03
01/05/2013,0.03
02/05/2013,0.02
03/05/2013,0.02
06/05/2013,0.01
07/05/2013,0.01
08/05/2013,0.01
09/05/2013,0.02
10/05/2013,0.02
13/05/2013,0.02
14/05/2013,0.01
15/05/2013,0.01
16/05/2013,0
17/05/2013,0.01
20/05/2013,0.01
21/05/2013,0.04
22/05/2013,0.04
23/05/2013,0.03
24/05/2013,0.03
27/05/2013,
28/05/2013,0.02
29/05/2013,0.04
30/05/2013,0.02
31/05/2013,0.03
03/06/2013,0.03
04/06/2013,0.05
05/06/2013,0.04
06/06/2013,0.04
07/06/2013,0.04
10/06/2013,0.04
11/06/2013,0.05
12/06/2013,0.04
13/06/2013,0.04
14/06/2013,0.04
17/06/2013,0.05
18/06/2013,0.04
19/06/2013,0.04
20/06/2013,0.03
21/06/2013,0.02
24/06/2013,0.01
25/06/2013,0.03
26/06/2013,0.02
27/06/2013,0.02
28/06/2013,0.02
01/07/2013,0.01
02/07/2013,0.02
03/07/2013,0.03
04/07/2013,
05/07/2013,0.03
08/07/2013,0.02
09/07/2013,0.04
10/07/2013,0.03
11/07/2013,0.02
12/07/2013,0.02
15/07/2013,0.02
16/07/2013,0.02
17/07/2013,0.02
18/07/2013,0.01
19/07/2013,0.01
22/07/2013,0.01
23/07/2013,0.02
24/07/2013,0.02
25/07/2013,0.02
26/07/2013,0.02
29/07/2013,0.01
30/07/2013,0.03
31/07/2013,0.03
01/08/2013,0.02
02/08/2013,0.02
05/08/2013,0.03
06/08/2013,0.05
07/08/2013,0.05
08/08/2013,0.05
09/08/2013,0.05
12/08/2013,0.05
13/08/2013,0.06
14/08/2013,0.06
15/08/2013,0.05
16/08/2013,0.05
19/08/2013,0.03
20/08/2013,0.03
21/08/2013,0.02
22/08/2013,0.01
23/08/2013,0.02
26/08/2013,0.03
27/08/2013,0.04
28/08/2013,0.04
29/08/2013,0.03
30/08/2013,0.02
02/09/2013,
03/09/2013,0.03
04/09/2013,0.02
05/09/2013,0.03
06/09/2013,0.02
09/09/2013,0.02
10/09/2013,0.01
11/09/2013,0.01
12/09/2013,0.01
13/09/2013,0.01
16/09/2013,0.01
17/09/2013,0.01
18/09/2013,0.01
19/09/2013,0
20/09/2013,0.01
23/09/2013,0.01
24/09/2013,0.02
25/09/2013,0.02
26/09/2013,0.04
27/09/2013,0.03
30/09/2013,0.03
01/10/2013,0.1
02/10/2013,0.08
03/10/2013,0.12
04/10/2013,0.11
07/10/2013,0.13
08/10/2013,0.27
09/10/2013,0.26
10/10/2013,0.25
11/10/2013,0.25
14/10/2013,
15/10/2013,0.32
16/10/2013,0.14
17/10/2013,0.01
18/10/2013,0.01
21/10/2013,0.02
22/10/2013,0.04
23/10/2013,0.02
24/10/2013,0.02
25/10/2013,0.02
28/10/2013,0.02
29/10/2013,0.06
30/10/2013,0.05
31/10/2013,0.03
01/11/2013,0.03
04/11/2013,0.02
05/11/2013,0.06
06/11/2013,0.05
07/11/2013,0.04
08/11/2013,0.04
11/11/2013,
12/11/2013,0.05
13/11/2013,0.06
14/11/2013,0.06
15/11/2013,0.06
18/11/2013,0.05
19/11/2013,0.05
20/11/2013,0.06
21/11/2013,0.02
22/11/2013,0.02
25/11/2013,0.04
26/11/2013,0.07
27/11/2013,0.06
28/11/2013,
29/11/2013,0.05
02/12/2013,0.02
03/12/2013,0.04
04/12/2013,0.04
05/12/2013,0.02
06/12/2013,0.03
09/12/2013,0.04
10/12/2013,0.03
11/12/2013,0.02
12/12/2013,0.01
13/12/2013,0.02
16/12/2013,0.02
17/12/2013,0.02
18/12/2013,0.01
19/12/2013,0.01
20/12/2013,0.02
23/12/2013,0.01
24/12/2013,0.01
25/12/2013,
26/12/2013,0
27/12/2013,0.01
30/12/2013,0.01
31/12/2013,0.01
01/01/2014,
02/01/2014,0.01
03/01/2014,0.02
06/01/2014,0.01
07/01/2014,0.01
08/01/2014,0
09/01/2014,0.01
10/01/2014,0.01
13/01/2014,0
14/01/2014,0
15/01/2014,0.01
16/01/2014,0.01
17/01/2014,0.01
20/01/2014,
21/01/2014,0.01
22/01/2014,0
23/01/2014,0.01
24/01/2014,0.04
27/01/2014,0.04
28/01/2014,0.05
29/01/2014,0.04
30/01/2014,0.04
31/01/2014,0.03
03/02/2014,0.04
04/02/2014,0.12
05/02/2014,0.13
06/02/2014,0.07
07/02/2014,0.1
10/02/2014,0.07
11/02/2014,0.05
12/02/2014,0.01
13/02/2014,0.01
14/02/2014,0.01
17/02/2014,
18/02/2014,0.02
19/02/2014,0.04
20/02/2014,0.02
21/02/2014,0.02
24/02/2014,0.02
25/02/2014,0.04
26/02/2014,0.04
27/02/2014,0.04
28/02/2014,0.04
03/03/2014,0.04
04/03/2014,0.06
05/03/2014,0.06
06/03/2014,0.06
07/03/2014,0.06
10/03/2014,0.05
11/03/2014,0.06
12/03/2014,0.05
13/03/2014,0.06
14/03/2014,0.05
17/03/2014,0.05
18/03/2014,0.07
19/03/2014,0.07
20/03/2014,0.06
21/03/2014,0.05
24/03/2014,0.05
25/03/2014,0.05
26/03/2014,0.05
27/03/2014,0.02
28/03/2014,0.03
31/03/2014,0.03
01/04/2014,0.02
02/04/2014,0.02
03/04/2014,0.03
04/04/2014,0.03
07/04/2014,0.03
08/04/2014,0.04
09/04/2014,0.03
10/04/2014,0.03
11/04/2014,0.04
14/04/2014,0.03
15/04/2014,0.03
16/04/2014,0.03
17/04/2014,0.02
18/04/2014,
21/04/2014,0.02
22/04/2014,0.02
23/04/2014,0.02
24/04/2014,0
25/04/2014,0.01
28/04/2014,0
29/04/2014,0.02
30/04/2014,0.02
01/05/2014,0.02
02/05/2014,0.01
05/05/2014,0.01
06/05/2014,0.03
07/05/2014,0.03
08/05/2014,0.02
09/05/2014,0.02
12/05/2014,0.02
13/05/2014,0.03
14/05/2014,0.02
15/05/2014,0.01
16/05/2014,0.01
19/05/2014,0.01
20/05/2014,0.04
21/05/2014,0.04
22/05/2014,0.03
23/05/2014,0.04
26/05/2014,
27/05/2014,0.03
28/05/2014,0.04
29/05/2014,0.05
30/05/2014,0.05
02/06/2014,0.04
03/06/2014,0.04
04/06/2014,0.04
05/06/2014,0.03
06/06/2014,0.02
09/06/2014,0.03
10/06/2014,0.04
11/06/2014,0.03
12/06/2014,0.02
13/06/2014,0.02
16/06/2014,0.03
17/06/2014,0.03
18/06/2014,0.03
19/06/2014,0.01
20/06/2014,0.01
23/06/2014,0.02
24/06/2014,0.01
25/06/2014,0.01
26/06/2014,0.01
27/06/2014,0.02
30/06/2014,0.02
01/07/2014,0.03
02/07/2014,0.02
03/07/2014,0.01
04/07/2014,
07/07/2014,0.02
08/07/2014,0.02
09/07/2014,0.03
10/07/2014,0.02
11/07/2014,0.02
14/07/2014,0.02
15/07/2014,0.02
16/07/2014,0.02
17/07/2014,0.02
18/07/2014,0.03
21/07/2014,0.02
22/07/2014,0.03
23/07/2014,0.03
24/07/2014,0.04
25/07/2014,0.03
28/07/2014,0.03
29/07/2014,0.03
30/07/2014,0.03
31/07/2014,0.01
01/08/2014,0.01
04/08/2014,0.02
05/08/2014,0.03
06/08/2014,0.03
07/08/2014,0.03
08/08/2014,0.03
11/08/2014,0.03
12/08/2014,0.05
13/08/2014,0.04
14/08/2014,0.04
15/08/2014,0.03
18/08/2014,0.02
19/08/2014,0.04
20/08/2014,0.04
21/08/2014,0.03
22/08/2014,0.04
25/08/2014,0.02
26/08/2014,0.04
27/08/2014,0.02
28/08/2014,0.02
29/08/2014,0.02
01/09/2014,
02/09/2014,0.02
03/09/2014,0.02
04/09/2014,0.02
05/09/2014,0.02
08/09/2014,0.01
09/09/2014,0.01
10/09/2014,0.01
11/09/2014,0.01
12/09/2014,0.01
15/09/2014,0.01
16/09/2014,0.01
17/09/2014,0.01
18/09/2014,0.01
19/09/2014,0.01
22/09/2014,0
23/09/2014,0.01
24/09/2014,0.01
25/09/2014,0
26/09/2014,0.01
29/09/2014,0.01
30/09/2014,0.02
01/10/2014,0.01
02/10/2014,0.01
03/10/2014,0.01
06/10/2014,0.01
07/10/2014,0.02
08/10/2014,0.01
09/10/2014,0.02
10/10/2014,0.02
13/10/2014,
14/10/2014,0.03
15/10/2014,0.02
16/10/2014,0.04
17/10/2014,0.03
20/10/2014,0.03
21/10/2014,0.04
22/10/2014,0.04
23/10/2014,0.02
24/10/2014,0.02
27/10/2014,0.03
28/10/2014,0.02
29/10/2014,0.01
30/10/2014,0.01
31/10/2014,0.01
03/11/2014,0.03
04/11/2014,0.04
05/11/2014,0.04
06/11/2014,0.04
07/11/2014,0.04
10/11/2014,0.04
11/11/2014,
12/11/2014,0.05
13/11/2014,0.05
14/11/2014,0.04
17/11/2014,0.02
18/11/2014,0.04
19/11/2014,0.04
20/11/2014,0.04
21/11/2014,0.04
24/11/2014,0.04
25/11/2014,0.06
26/11/2014,0.06
27/11/2014,
28/11/2014,0.04
01/12/2014,0.01
02/12/2014,0.04
03/12/2014,0.03
04/12/2014,0.03
05/12/2014,0.02
08/12/2014,0.03
09/12/2014,0.05
10/12/2014,0.05
11/12/2014,0.02
12/12/2014,0.02
15/12/2014,0.02
16/12/2014,0.03
17/12/2014,0.03
18/12/2014,0.04
19/12/2014,0.01
22/12/2014,0.01
23/12/2014,0.02
24/12/2014,0.01
25/12/2014,
26/12/2014,0.01
29/12/2014,0.01
30/12/2014,0.03
31/12/2014,0.03
01/01/2015,
02/01/2015,0.02
05/01/2015,0.02
06/01/2015,0.02
07/01/2015,0.02
08/01/2015,0.01
09/01/2015,0.02
12/01/2015,0.02
13/01/2015,0.02
14/01/2015,0.02
15/01/2015,0.03
16/01/2015,0.02
19/01/2015,
20/01/2015,0.01
21/01/2015,0.01
22/01/2015,0.02
23/01/2015,0.02
26/01/2015,0.02
27/01/2015,0.02
28/01/2015,0.02
29/01/2015,0.01
30/01/2015,0.01
02/02/2015,0.01
03/02/2015,0.02
04/02/2015,0.01
05/02/2015,0.02
06/02/2015,0.01
09/02/2015,0.02
10/02/2015,0.02
11/02/2015,0.02
12/02/2015,0.02
13/02/2015,0.02
16/02/2015,
17/02/2015,0.02
18/02/2015,0.02
19/02/2015,0.02
20/02/2015,0.02
23/02/2015,0.01
24/02/2015,0.02
25/02/2015,0.02
26/02/2015,0.02
27/02/2015,0.02
02/03/2015,0.02
03/03/2015,0.01
04/03/2015,0.01
05/03/2015,0.02
06/03/2015,0.02
09/03/2015,0.01
10/03/2015,0.03
11/03/2015,0.03
12/03/2015,0.03
13/03/2015,0.03
16/03/2015,0.02
17/03/2015,0.05
18/03/2015,0.02
19/03/2015,0.02
20/03/2015,0
23/03/2015,0.02
24/03/2015,0.03
25/03/2015,0.02
26/03/2015,0.02
27/03/2015,0.02
30/03/2015,0.02
31/03/2015,0.05
01/04/2015,0.02
02/04/2015,0.02
03/04/2015,0.04
06/04/2015,0.02
07/04/2015,0.02
08/04/2015,0.02
09/04/2015,0.02
10/04/2015,0.01
13/04/2015,0.02
14/04/2015,0.02
15/04/2015,0.02
16/04/2015,0.03
17/04/2015,0.03
20/04/2015,0.03
21/04/2015,0.02
22/04/2015,0.01
23/04/2015,0.01
24/04/2015,0.03
27/04/2015,0.01
28/04/2015,0
29/04/2015,0
30/04/2015,0
01/05/2015,0
04/05/2015,0.01
05/05/2015,0.01
06/05/2015,0.02
07/05/2015,0.01
08/05/2015,0.01
11/05/2015,0.02
12/05/2015,0.01
13/05/2015,0.02
14/05/2015,0
15/05/2015,0.02
18/05/2015,0.01
19/05/2015,0.02
20/05/2015,0.02
21/05/2015,0.02
22/05/2015,0.01
25/05/2015,
26/05/2015,0.01
27/05/2015,0.02
28/05/2015,0.01
29/05/2015,0.01
01/06/2015,0.02
02/06/2015,0.02
03/06/2015,0.02
04/06/2015,0.02
05/06/2015,0.02
08/06/2015,0.01
09/06/2015,0.01
10/06/2015,0.01
11/06/2015,0.01
12/06/2015,0.01
15/06/2015,0
16/06/2015,0
17/06/2015,0
18/06/2015,0
19/06/2015,0
22/06/2015,0
23/06/2015,0
24/06/2015,0
25/06/2015,0
26/06/2015,0
29/06/2015,0
30/06/2015,0.02
01/07/2015,0.01
02/07/2015,0.01
03/07/2015,
06/07/2015,0.01
07/07/2015,0.02
08/07/2015,0.02
09/07/2015,0.02
10/07/2015,0.01
13/07/2015,0.02
14/07/2015,0.03
15/07/2015,0.03
16/07/2015,0.03
17/07/2015,0.03
20/07/2015,0.03
21/07/2015,0.04
22/07/2015,0.04
23/07/2015,0.04
24/07/2015,0.04
27/07/2015,0.04
28/07/2015,0.05
29/07/2015,0.05
30/07/2015,0.05
31/07/2015,0.04
03/08/2015,0.03
04/08/2015,0.05
05/08/2015,0.05
06/08/2015,0.04
07/08/2015,0.03
10/08/2015,0.03
11/08/2015,0.06
12/08/2015,0.06
13/08/2015,0.06
14/08/2015,0.04
17/08/2015,0.03
18/08/2015,0.05
19/08/2015,0.05
20/08/2015,0.01
21/08/2015,0.02
24/08/2015,0.02
25/08/2015,0.04
26/08/2015,0.03
27/08/2015,0.02
28/08/2015,0.02
31/08/2015,0
01/09/2015,0.01
02/09/2015,0.01
03/09/2015,0.02
04/09/2015,0.02
07/09/2015,
08/09/2015,0.02
09/09/2015,0.02
10/09/2015,0.02
11/09/2015,0.04
14/09/2015,0.02
15/09/2015,0
16/09/2015,0
17/09/2015,0
18/09/2015,0
21/09/2015,0
22/09/2015,0
23/09/2015,0
24/09/2015,0
25/09/2015,0
28/09/2015,0
29/09/2015,0
30/09/2015,0
01/10/2015,0
02/10/2015,0
05/10/2015,0
06/10/2015,0
07/10/2015,0
08/10/2015,0
09/10/2015,0.01
12/10/2015,
13/10/2015,0
14/10/2015,0
15/10/2015,0
16/10/2015,0.03
19/10/2015,0.06
20/10/2015,0.08
21/10/2015,0.01
22/10/2015,0.02
23/10/2015,0.01
26/10/2015,0.01
27/10/2015,0.01
28/10/2015,0.03
29/10/2015,0.02
30/10/2015,0.01
02/11/2015,0.01
03/11/2015,0.07
04/11/2015,0.07
05/11/2015,0.04
06/11/2015,0.04
09/11/2015,0.06
10/11/2015,0.08
11/11/2015,
12/11/2015,0.08
13/11/2015,0.03
16/11/2015,0.05
17/11/2015,0.07
18/11/2015,0.07
19/11/2015,0.06
20/11/2015,0.05
23/11/2015,0.06
24/11/2015,0.13
25/11/2015,0.14
26/11/2015,
27/11/2015,0.13
30/11/2015,0.11
01/12/2015,0.19
02/12/2015,0.19
03/12/2015,0.18
04/12/2015,0.17
07/12/2015,0.21
08/12/2015,0.23
09/12/2015,0.19
10/12/2015,0.19
11/12/2015,0.15
14/12/2015,0.13
15/12/2015,0.21
16/12/2015,0.2
17/12/2015,0.18
18/12/2015,0.16
21/12/2015,0.14
22/12/2015,0.19
23/12/2015,0.19
24/12/2015,0.15
25/12/2015,
28/12/2015,0.13
29/12/2015,0.18
30/12/2015,0.08
31/12/2015,0.14
01/01/2016,
04/01/2016,0.17
05/01/2016,0.2
06/01/2016,0.21
07/01/2016,0.2
08/01/2016,0.2
11/01/2016,0.19
12/01/2016,0.22
13/01/2016,0.22
14/01/2016,0.22
15/01/2016,0.19
18/01/2016,
19/01/2016,0.21
20/01/2016,0.26
21/01/2016,0.27
22/01/2016,0.26
25/01/2016,0.25
26/01/2016,0.29
27/01/2016,0.28
28/01/2016,0.26
29/01/2016,0.22
01/02/2016,0.19
02/02/2016,0.26
03/02/2016,0.27
04/02/2016,0.24
05/02/2016,0.23
08/02/2016,0.21
09/02/2016,0.27
10/02/2016,0.27
11/02/2016,0.27
12/02/2016,0.26
15/02/2016,
16/02/2016,0.23
17/02/2016,0.28
18/02/2016,0.28
19/02/2016,0.26
22/02/2016,0.28
23/02/2016,0.28
24/02/2016,0.28
25/02/2016,0.27
26/02/2016,0.26
29/02/2016,0.23
01/03/2016,0.29
02/03/2016,0.28
03/03/2016,0.25
04/03/2016,0.25
07/03/2016,0.27
08/03/2016,0.27
09/03/2016,0.27
10/03/2016,0.27
11/03/2016,0.27
14/03/2016,0.28
15/03/2016,0.29
16/03/2016,0.28
17/03/2016,0.29
18/03/2016,0.27
21/03/2016,0.26
22/03/2016,0.28
23/03/2016,0.27
24/03/2016,0.24
25/03/2016,
28/03/2016,0.19
29/03/2016,0.18
30/03/2016,0.14
31/03/2016,0.18
01/04/2016,0.2
04/04/2016,0.18
05/04/2016,0.19
06/04/2016,0.19
07/04/2016,0.2
08/04/2016,0.2
11/04/2016,0.19
12/04/2016,0.21
13/04/2016,0.21
14/04/2016,0.21
15/04/2016,0.19
18/04/2016,0.16
19/04/2016,0.18
20/04/2016,0.18
21/04/2016,0.19
22/04/2016,0.19
25/04/2016,0.17
26/04/2016,0.19
27/04/2016,0.18
28/04/2016,0.17
29/04/2016,0.16
02/05/2016,0.11
03/05/2016,0.18
04/05/2016,0.18
05/05/2016,0.2
06/05/2016,0.2
09/05/2016,0.21
10/05/2016,0.25
11/05/2016,0.25
12/05/2016,0.25
13/05/2016,0.25
16/05/2016,0.21
17/05/2016,0.25
18/05/2016,0.25
19/05/2016,0.25
20/05/2016,0.26
23/05/2016,0.26
24/05/2016,0.28
25/05/2016,0.24
26/05/2016,0.17
27/05/2016,0.23
30/05/2016,
31/05/2016,0.27
01/06/2016,0.27
02/06/2016,0.19
03/06/2016,0.19
06/06/2016,0.19
07/06/2016,0.2
08/06/2016,0.2
09/06/2016,0.21
10/06/2016,0.18
13/06/2016,0.23
14/06/2016,0.24
15/06/2016,0.23
16/06/2016,0.23
17/06/2016,0.22
20/06/2016,0.23
21/06/2016,0.25
22/06/2016,0.25
23/06/2016,0.27
24/06/2016,0.24
27/06/2016,0.22
28/06/2016,0.25
29/06/2016,0.18
30/06/2016,0.2
01/07/2016,0.24
04/07/2016,
05/07/2016,0.27
06/07/2016,0.26
07/07/2016,0.27
08/07/2016,0.26
11/07/2016,0.28
12/07/2016,0.29
13/07/2016,0.29
14/07/2016,0.29
15/07/2016,0.27
18/07/2016,0.26
19/07/2016,0.29
20/07/2016,0.28
21/07/2016,0.28
22/07/2016,0.29
25/07/2016,0.28
26/07/2016,0.24
27/07/2016,0.25
28/07/2016,0.19
29/07/2016,0.19
01/08/2016,0.2
02/08/2016,0.28
03/08/2016,0.26
04/08/2016,0.24
05/08/2016,0.23
08/08/2016,0.27
09/08/2016,0.27
10/08/2016,0.27
11/08/2016,0.27
12/08/2016,0.27
15/08/2016,0.26
16/08/2016,0.27
17/08/2016,0.27
18/08/2016,0.27
19/08/2016,0.27
22/08/2016,0.24
23/08/2016,0.28
24/08/2016,0.28
25/08/2016,0.28
26/08/2016,0.28
29/08/2016,0.25
30/08/2016,0.23
31/08/2016,0.26
01/09/2016,0.27
02/09/2016,0.25
05/09/2016,
06/09/2016,0.24
07/09/2016,0.25
08/09/2016,0.26
09/09/2016,0.24
12/09/2016,0.24
13/09/2016,0.25
14/09/2016,0.24
15/09/2016,0.2
16/09/2016,0.2
19/09/2016,0.16
20/09/2016,0.17
21/09/2016,0.12
22/09/2016,0.1
23/09/2016,0.09
26/09/2016,0.12
27/09/2016,0.16
28/09/2016,0.14
29/09/2016,0.12
30/09/2016,0.2
03/10/2016,0.25
04/10/2016,0.28
05/10/2016,0.26
06/10/2016,0.26
07/10/2016,0.26
10/10/2016,
11/10/2016,0.27
12/10/2016,0.26
13/10/2016,0.26
14/10/2016,0.26
17/10/2016,0.24
18/10/2016,0.26
19/10/2016,0.25
20/10/2016,0.25
21/10/2016,0.25
24/10/2016,0.23
25/10/2016,0.22
26/10/2016,0.25
27/10/2016,0.19
28/10/2016,0.18
31/10/2016,0.2
01/11/2016,0.24
02/11/2016,0.24
03/11/2016,0.24
04/11/2016,0.25
07/11/2016,0.28
08/11/2016,0.28
09/11/2016,0.3
10/11/2016,0.3
11/11/2016,
14/11/2016,0.32
15/11/2016,0.3
16/11/2016,0.32
17/11/2016,0.3
18/11/2016,0.28
21/11/2016,0.28
22/11/2016,0.34
23/11/2016,0.35
24/11/2016,
25/11/2016,0.34
28/11/2016,0.32
29/11/2016,0.34
30/11/2016,0.38
01/12/2016,0.32
02/12/2016,0.34
05/12/2016,0.34
06/12/2016,0.35
07/12/2016,0.38
08/12/2016,0.39
09/12/2016,0.41
12/12/2016,0.42
13/12/2016,0.47
14/12/2016,0.49
15/12/2016,0.48
16/12/2016,0.46
19/12/2016,0.45
20/12/2016,0.48
21/12/2016,0.46
22/12/2016,0.42
23/12/2016,0.42
26/12/2016,
27/12/2016,0.5
28/12/2016,0.48
29/12/2016,0.39
30/12/2016,0.44
02/01/2017,
03/01/2017,0.52
04/01/2017,0.49
05/01/2017,0.51
06/01/2017,0.5
09/01/2017,0.5
10/01/2017,0.51
11/01/2017,0.51
12/01/2017,0.52
13/01/2017,0.52
16/01/2017,
17/01/2017,0.52
18/01/2017,0.48
19/01/2017,0.47
20/01/2017,0.46
23/01/2017,0.46
24/01/2017,0.5
25/01/2017,0.48
26/01/2017,0.49
27/01/2017,0.49
30/01/2017,0.49
31/01/2017,0.5
01/02/2017,0.5
02/02/2017,0.5
03/02/2017,0.49
06/02/2017,0.48
07/02/2017,0.51
08/02/2017,0.52
09/02/2017,0.51
10/02/2017,0.51
13/02/2017,0.5
14/02/2017,0.51
15/02/2017,0.53
16/02/2017,0.51
17/02/2017,0.5
20/02/2017,
21/02/2017,0.49
22/02/2017,0.47
23/02/2017,0.39
24/02/2017,0.4
27/02/2017,0.44
28/02/2017,0.4
01/03/2017,0.46
02/03/2017,0.52
03/03/2017,0.56
06/03/2017,0.56
07/03/2017,0.55
08/03/2017,0.54
09/03/2017,0.5
10/03/2017,0.6
13/03/2017,0.69
14/03/2017,0.77
15/03/2017,0.71
16/03/2017,0.68
17/03/2017,0.71
20/03/2017,0.7
21/03/2017,0.76
22/03/2017,0.74
23/03/2017,0.73
24/03/2017,0.73
27/03/2017,0.73
28/03/2017,0.75
29/03/2017,0.76
30/03/2017,0.75
31/03/2017,0.74
03/04/2017,0.73
04/04/2017,0.77
05/04/2017,0.77
06/04/2017,0.78
07/04/2017,0.77
10/04/2017,0.77
11/04/2017,0.74
12/04/2017,0.77
13/04/2017,0.76
14/04/2017,
17/04/2017,0.76
18/04/2017,0.76
19/04/2017,0.75
20/04/2017,0.73
21/04/2017,0.72
24/04/2017,0.74
25/04/2017,0.73
26/04/2017,0.74
27/04/2017,0.7
28/04/2017,0.68
01/05/2017,0.67
02/05/2017,0.72
03/05/2017,0.73
04/05/2017,0.71
05/05/2017,0.71
08/05/2017,0.73
09/05/2017,0.74
10/05/2017,0.71
11/05/2017,0.68
12/05/2017,0.69
15/05/2017,0.73
16/05/2017,0.72
17/05/2017,0.72
18/05/2017,0.73
19/05/2017,0.71
22/05/2017,0.7
23/05/2017,0.76
24/05/2017,0.76
25/05/2017,0.72
26/05/2017,0.75
29/05/2017,
30/05/2017,0.77
31/05/2017,0.86
01/06/2017,0.82
02/06/2017,0.82
05/06/2017,0.83
06/06/2017,0.83
07/06/2017,0.84
08/06/2017,0.8
09/06/2017,0.8
12/06/2017,0.82
13/06/2017,0.89
14/06/2017,0.9
15/06/2017,0.86
16/06/2017,0.85
19/06/2017,0.85
20/06/2017,0.88
21/06/2017,0.85
22/06/2017,0.8
23/06/2017,0.76
26/06/2017,0.81
27/06/2017,0.89
28/06/2017,0.89
29/06/2017,0.88
30/06/2017,0.84
03/07/2017,0.96
04/07/2017,
05/07/2017,0.97
06/07/2017,0.95
07/07/2017,0.94
10/07/2017,0.95
11/07/2017,0.97
12/07/2017,0.94
13/07/2017,0.95
14/07/2017,0.93
17/07/2017,0.95
18/07/2017,0.95
19/07/2017,0.99
20/07/2017,1
21/07/2017,1
24/07/2017,1
25/07/2017,0.96
26/07/2017,1.02
27/07/2017,1.01
28/07/2017,1
31/07/2017,1
01/08/2017,1
02/08/2017,1.02
03/08/2017,1
04/08/2017,1
07/08/2017,0.99
08/08/2017,1
09/08/2017,1.01
10/08/2017,1.02
11/08/2017,0.99
14/08/2017,0.95
15/08/2017,0.97
16/08/2017,0.97
17/08/2017,0.95
18/08/2017,0.97
21/08/2017,0.95
22/08/2017,0.93
23/08/2017,0.98
24/08/2017,0.98
25/08/2017,0.99
28/08/2017,0.99
29/08/2017,0.96
30/08/2017,0.96
31/08/2017,0.95
01/09/2017,0.96
04/09/2017,
05/09/2017,1.3
06/09/2017,1.04
07/09/2017,0.98
08/09/2017,0.96
11/09/2017,0.97
12/09/2017,0.99
13/09/2017,0.99
14/09/2017,0.99
15/09/2017,0.98
18/09/2017,0.96
19/09/2017,0.97
20/09/2017,0.98
21/09/2017,0.99
22/09/2017,0.97
25/09/2017,0.97
26/09/2017,0.96
27/09/2017,0.99
28/09/2017,0.97
29/09/2017,0.96
02/10/2017,0.95
03/10/2017,1.01
04/10/2017,1
05/10/2017,1.02
06/10/2017,1.03
09/10/2017,
10/10/2017,1.03
11/10/2017,1.04
12/10/2017,0.99
13/10/2017,0.97
16/10/2017,0.97
17/10/2017,0.99
18/10/2017,0.99
19/10/2017,0.99
20/10/2017,0.99
23/10/2017,1
24/10/2017,1
25/10/2017,1.01
26/10/2017,0.99
27/10/2017,0.98
30/10/2017,0.97
31/10/2017,0.99
01/11/2017,1.06
02/11/2017,1.02
03/11/2017,1.02
06/11/2017,1.03
07/11/2017,1.05
08/11/2017,1.05
09/11/2017,1.07
10/11/2017,1.06
13/11/2017,1.07
14/11/2017,1.06
15/11/2017,1.08
16/11/2017,1.08
17/11/2017,1.08
20/11/2017,1.09
21/11/2017,1.15
22/11/2017,1.16
23/11/2017,
24/11/2017,1.14
27/11/2017,1.15
28/11/2017,1.16
29/11/2017,1.17
30/11/2017,1.14
01/12/2017,1.14
04/12/2017,1.16
05/12/2017,1.21
06/12/2017,1.18
07/12/2017,1.16
08/12/2017,1.14
11/12/2017,1.18
12/12/2017,1.26
13/12/2017,1.22
14/12/2017,1.21
15/12/2017,1.24
18/12/2017,1.26
19/12/2017,1.25
20/12/2017,1.22
21/12/2017,1.21
22/12/2017,1.15
25/12/2017,
26/12/2017,1.24
27/12/2017,1.18
28/12/2017,1.19
29/12/2017,1.28
01/01/2018,
02/01/2018,1.29
03/01/2018,1.29
04/01/2018,1.28
05/01/2018,1.27
08/01/2018,1.3
09/01/2018,1.27
10/01/2018,1.31
11/01/2018,1.32
12/01/2018,1.31
15/01/2018,
16/01/2018,1.33
17/01/2018,1.31
18/01/2018,1.29
19/01/2018,1.28
22/01/2018,1.27
23/01/2018,1.26
24/01/2018,1.25
25/01/2018,1.23
26/01/2018,1.24
29/01/2018,1.28
30/01/2018,1.49
31/01/2018,1.43
01/02/2018,1.41
02/02/2018,1.4
05/02/2018,1.4
06/02/2018,1.48
07/02/2018,1.36
08/02/2018,1.32
09/02/2018,1.31
12/02/2018,1.35
13/02/2018,1.34
14/02/2018,1.32
15/02/2018,1.3
16/02/2018,1.35
19/02/2018,
20/02/2018,1.39
21/02/2018,1.4
22/02/2018,1.34
23/02/2018,1.38
26/02/2018,1.39
27/02/2018,1.49
28/02/2018,1.5
01/03/2018,1.5
02/03/2018,1.5
05/03/2018,1.53
06/03/2018,1.56
07/03/2018,1.57
08/03/2018,1.57
09/03/2018,1.57
12/03/2018,1.6
13/03/2018,1.64
14/03/2018,1.71
15/03/2018,1.7
16/03/2018,1.71
19/03/2018,1.7
20/03/2018,1.76
21/03/2018,1.71
22/03/2018,1.67
23/03/2018,1.69
26/03/2018,1.71
27/03/2018,1.69
28/03/2018,1.65
29/03/2018,1.63
30/03/2018,
02/04/2018,1.68
03/04/2018,1.7
04/04/2018,1.67
05/04/2018,1.67
06/04/2018,1.68
09/04/2018,1.67
10/04/2018,1.63
11/04/2018,1.64
12/04/2018,1.65
13/04/2018,1.64
16/04/2018,1.64
17/04/2018,1.68
18/04/2018,1.67
19/04/2018,1.67
20/04/2018,1.65
23/04/2018,1.69
24/04/2018,1.7
25/04/2018,1.65
26/04/2018,1.62
27/04/2018,1.62
30/04/2018,1.65
01/05/2018,1.68
02/05/2018,1.69
03/05/2018,1.68
04/05/2018,1.67
07/05/2018,1.69
08/05/2018,1.69
09/05/2018,1.68
10/05/2018,1.69
11/05/2018,1.68
14/05/2018,1.7
15/05/2018,1.69
16/05/2018,1.69
17/05/2018,1.7
18/05/2018,1.68
21/05/2018,1.71
22/05/2018,1.73
23/05/2018,1.76
24/05/2018,1.74
25/05/2018,1.7
28/05/2018,
29/05/2018,1.77
30/05/2018,1.77
31/05/2018,1.76
01/06/2018,1.74
04/06/2018,1.77
05/06/2018,1.82
06/06/2018,1.81
07/06/2018,1.78
08/06/2018,1.78
11/06/2018,1.82
12/06/2018,1.81
13/06/2018,1.82
14/06/2018,1.81
15/06/2018,1.82
18/06/2018,1.84
19/06/2018,1.85
20/06/2018,1.85
21/06/2018,1.85
22/06/2018,1.83
25/06/2018,1.8
26/06/2018,1.79
27/06/2018,1.79
28/06/2018,1.76
29/06/2018,1.77
02/07/2018,1.9
03/07/2018,1.91
04/07/2018,
05/07/2018,1.87
06/07/2018,1.86
09/07/2018,1.87
10/07/2018,1.88
11/07/2018,1.89
12/07/2018,1.89
13/07/2018,1.87
16/07/2018,1.9
17/07/2018,1.93
18/07/2018,1.9
19/07/2018,1.89
20/07/2018,1.86
23/07/2018,1.88
24/07/2018,1.92
25/07/2018,1.9
26/07/2018,1.89
27/07/2018,1.9
30/07/2018,1.91
31/07/2018,1.94
01/08/2018,1.93
02/08/2018,1.89
03/08/2018,1.9
06/08/2018,1.92
07/08/2018,1.96
08/08/2018,1.93
09/08/2018,1.91
10/08/2018,1.92
13/08/2018,1.93
14/08/2018,1.96
15/08/2018,1.96
16/08/2018,1.96
17/08/2018,1.95
20/08/2018,1.93
21/08/2018,1.94
22/08/2018,1.95
23/08/2018,1.94
24/08/2018,1.95
27/08/2018,1.96
28/08/2018,1.96
29/08/2018,1.97
30/08/2018,1.97
31/08/2018,1.95
03/09/2018,
04/09/2018,2
05/09/2018,2
06/09/2018,1.98
07/09/2018,1.98
10/09/2018,1.98
11/09/2018,2.02
12/09/2018,2.01
13/09/2018,2.01
14/09/2018,2.02
17/09/2018,2.02
18/09/2018,2.05
19/09/2018,2.03
20/09/2018,2.03
21/09/2018,2.05
24/09/2018,2.07
25/09/2018,2.12
26/09/2018,2.11
27/09/2018,2.1
28/09/2018,2.12
01/10/2018,2.13
02/10/2018,2.14
03/10/2018,2.15
04/10/2018,2.16
05/10/2018,2.15
08/10/2018,
09/10/2018,2.17
10/10/2018,2.18
11/10/2018,2.14
12/10/2018,2.14
15/10/2018,2.17
16/10/2018,2.19
17/10/2018,2.2
18/10/2018,2.19
19/10/2018,2.19
22/10/2018,2.18
23/10/2018,2.21
24/10/2018,2.2
25/10/2018,2.19
26/10/2018,2.16
29/10/2018,2.17
30/10/2018,2.21
31/10/2018,2.2
01/11/2018,2.21
02/11/2018,2.19
05/11/2018,2.2
06/11/2018,2.23
07/11/2018,2.23
08/11/2018,2.21
09/11/2018,2.21
12/11/2018,
13/11/2018,2.24
14/11/2018,2.24
15/11/2018,2.2
16/11/2018,2.21
19/11/2018,2.23
20/11/2018,2.23
21/11/2018,2.25
22/11/2018,
23/11/2018,2.25
26/11/2018,2.24
27/11/2018,2.31
28/11/2018,2.31
29/11/2018,2.31
30/11/2018,2.31
03/12/2018,2.3
04/12/2018,2.37
05/12/2018,
06/12/2018,2.36
07/12/2018,2.32
10/12/2018,2.32
11/12/2018,2.28
12/12/2018,2.3
13/12/2018,2.36
14/12/2018,2.36
17/12/2018,2.36
18/12/2018,2.35
19/12/2018,2.35
20/12/2018,2.42
21/12/2018,2.41
24/12/2018,2.42
25/12/2018,
26/12/2018,2.41
27/12/2018,2.43
28/12/2018,2.39
31/12/2018,2.44
01/01/2019,
02/01/2019,2.4
03/01/2019,2.42
04/01/2019,2.4
07/01/2019,2.42
08/01/2019,2.4
09/01/2019,2.4
10/01/2019,2.42
11/01/2019,2.41
14/01/2019,2.42
15/01/2019,2.41
16/01/2019,2.41
17/01/2019,2.41
18/01/2019,2.4
21/01/2019,
22/01/2019,2.38
23/01/2019,2.37
24/01/2019,2.38
25/01/2019,2.36
28/01/2019,2.39
29/01/2019,2.39
30/01/2019,2.4
31/01/2019,2.42
01/02/2019,2.41
04/02/2019,2.41
05/02/2019,2.39
06/02/2019,2.4
07/02/2019,2.43
08/02/2019,2.43
11/02/2019,2.44
12/02/2019,2.42
13/02/2019,2.42
14/02/2019,2.45
15/02/2019,2.43
18/02/2019,
19/02/2019,2.44
20/02/2019,2.41
21/02/2019,2.43
22/02/2019,2.43
25/02/2019,2.44
26/02/2019,2.43
27/02/2019,2.43
28/02/2019,2.44
01/03/2019,2.44
04/03/2019,2.45
05/03/2019,2.44
06/03/2019,2.43
07/03/2019,2.45
08/03/2019,2.45
11/03/2019,2.44
12/03/2019,2.44
13/03/2019,2.43
14/03/2019,2.48
15/03/2019,2.46
18/03/2019,2.47
19/03/2019,2.46
20/03/2019,2.45
21/03/2019,2.51
22/03/2019,2.49
25/03/2019,2.47
26/03/2019,2.46
27/03/2019,2.45
28/03/2019,2.44
29/03/2019,2.43
01/04/2019,2.42
02/04/2019,2.43
03/04/2019,2.42
04/04/2019,2.43
05/04/2019,2.42
08/04/2019,2.43
09/04/2019,2.42
10/04/2019,2.4
11/04/2019,2.42
12/04/2019,2.41
15/04/2019,2.42
16/04/2019,2.43
17/04/2019,2.43
18/04/2019,2.44
19/04/2019,
22/04/2019,2.44
23/04/2019,2.43
24/04/2019,2.42
25/04/2019,2.43
26/04/2019,2.42
29/04/2019,2.45
30/04/2019,2.43
01/05/2019,2.42
02/05/2019,2.44
03/05/2019,2.42
06/05/2019,2.43
07/05/2019,2.44
08/05/2019,2.42
09/05/2019,2.43
10/05/2019,2.42
13/05/2019,2.41
14/05/2019,2.41
15/05/2019,2.4
16/05/2019,2.4
17/05/2019,2.39
20/05/2019,2.39
21/05/2019,2.37
22/05/2019,2.36
23/05/2019,2.38
24/05/2019,2.37
27/05/2019,
28/05/2019,2.35
29/05/2019,2.35
30/05/2019,2.37
31/05/2019,2.35
03/06/2019,2.36
04/06/2019,2.34
05/06/2019,2.31
06/06/2019,2.32
07/06/2019,2.3
10/06/2019,2.3
11/06/2019,2.27
12/06/2019,2.19
13/06/2019,2.24
14/06/2019,2.23
17/06/2019,2.22
18/06/2019,2.18
19/06/2019,2.14
20/06/2019,2.17
21/06/2019,2.16
24/06/2019,2.12
25/06/2019,2.11
26/06/2019,2.11
27/06/2019,2.19
28/06/2019,2.18
01/07/2019,2.17
02/07/2019,2.21
03/07/2019,2.25
04/07/2019,
05/07/2019,2.26
08/07/2019,2.23
09/07/2019,2.22
10/07/2019,2.18
11/07/2019,2.17
12/07/2019,2.16
15/07/2019,2.17
16/07/2019,2.16
17/07/2019,2.13
18/07/2019,2.11
19/07/2019,2.11
22/07/2019,2.13
23/07/2019,2.12
24/07/2019,2.1
25/07/2019,2.16
26/07/2019,2.13
29/07/2019,2.12
30/07/2019,2.07
31/07/2019,2.01
01/08/2019,2.11
02/08/2019,2.11
05/08/2019,2.07
06/08/2019,2.05
07/08/2019,2.02
08/08/2019,2.09
09/08/2019,2.05
12/08/2019,2.09
13/08/2019,2.05
14/08/2019,1.98
15/08/2019,2.08
16/08/2019,2.05
19/08/2019,2.06
20/08/2019,2.05
21/08/2019,2.03
22/08/2019,2.1
23/08/2019,2.07
26/08/2019,2.09
27/08/2019,2.07
28/08/2019,2.07
29/08/2019,2.1
30/08/2019,2.1
02/09/2019,
03/09/2019,2.06
04/09/2019,2.05
05/09/2019,2.05
06/09/2019,2.05
09/09/2019,2.04
10/09/2019,2.04
11/09/2019,2.01
12/09/2019,1.99
13/09/2019,1.99
16/09/2019,2.08
17/09/2019,2.1
18/09/2019,1.94
19/09/2019,2.01
20/09/2019,1.95
23/09/2019,1.94
24/09/2019,1.9
25/09/2019,1.8
26/09/2019,1.91
27/09/2019,1.9
30/09/2019,1.91
01/10/2019,1.79
02/10/2019,1.75
03/10/2019,1.78
04/10/2019,1.73
07/10/2019,1.76
08/10/2019,1.69
09/10/2019,1.69
10/10/2019,1.74
11/10/2019,1.76
14/10/2019,
15/10/2019,1.74
16/10/2019,1.71
17/10/2019,1.74
18/10/2019,1.75
21/10/2019,1.76
22/10/2019,1.75
23/10/2019,1.74
24/10/2019,1.75
25/10/2019,1.73
28/10/2019,1.74
29/10/2019,1.66
30/10/2019,1.61
31/10/2019,1.59
01/11/2019,1.58
04/11/2019,1.58
05/11/2019,1.56
06/11/2019,1.55
07/11/2019,1.57
08/11/2019,1.56
11/11/2019,
12/11/2019,1.56
13/11/2019,1.56
14/11/2019,1.59
15/11/2019,1.59
18/11/2019,1.59
19/11/2019,1.58
20/11/2019,1.57
21/11/2019,1.57
22/11/2019,1.58
25/11/2019,1.6
26/11/2019,1.63
27/11/2019,1.65
28/11/2019,
29/11/2019,1.62
02/12/2019,1.6
03/12/2019,1.56
04/12/2019,1.59
05/12/2019,1.52
06/12/2019,1.52
09/12/2019,1.54
10/12/2019,1.53
11/12/2019,1.54
12/12/2019,1.57
13/12/2019,1.55
16/12/2019,1.57
17/12/2019,1.56
18/12/2019,1.56
19/12/2019,1.54
20/12/2019,1.57
23/12/2019,1.57
24/12/2019,1.55
25/12/2019,
26/12/2019,1.59
27/12/2019,1.56
30/12/2019,1.51
31/12/2019,1.48
01/01/2020,
02/01/2020,1.53
03/01/2020,1.52
06/01/2020,1.54
07/01/2020,1.52
08/01/2020,1.5
09/01/2020,1.53
10/01/2020,1.52
13/01/2020,1.54
14/01/2020,1.53
15/01/2020,1.53
16/01/2020,1.54
17/01/2020,1.54
20/01/2020,
21/01/2020,1.52
22/01/2020,1.52
23/01/2020,1.55
24/01/2020,1.54
27/01/2020,1.53
28/01/2020,1.53
29/01/2020,1.52
30/01/2020,1.59
31/01/2020,1.56
03/02/2020,1.56
04/02/2020,1.55
05/02/2020,1.55
06/02/2020,1.59
07/02/2020,1.57
10/02/2020,1.58
11/02/2020,1.57
12/02/2020,1.57
13/02/2020,1.59
14/02/2020,1.6
17/02/2020,
18/02/2020,1.61
19/02/2020,1.61
20/02/2020,1.61
21/02/2020,1.6
24/02/2020,1.6
25/02/2020,1.59
26/02/2020,1.59
27/02/2020,1.56
28/02/2020,1.45
02/03/2020,1.41
03/03/2020,1.11
04/03/2020,1
05/03/2020,0.92
06/03/2020,0.79
09/03/2020,0.57
10/03/2020,0.57
11/03/2020,0.42
12/03/2020,0.41
13/03/2020,0.33
16/03/2020,0.25
17/03/2020,0.12
18/03/2020,0.04
19/03/2020,0.04
20/03/2020,0.04
23/03/2020,0.01
24/03/2020,0.01
25/03/2020,0
26/03/2020,0.01
27/03/2020,0.01
30/03/2020,0.04
31/03/2020,0.05
01/04/2020,0.03
02/04/2020,0.09
03/04/2020,0.09
06/04/2020,0.09
07/04/2020,0.1
08/04/2020,0.14
09/04/2020,0.2
10/04/2020,
13/04/2020,0.17
14/04/2020,0.17
15/04/2020,0.14
16/04/2020,0.14
17/04/2020,0.12
20/04/2020,0.1
21/04/2020,0.08
22/04/2020,0.09
23/04/2020,0.09
24/04/2020,0.1
27/04/2020,0.09
28/04/2020,0.08
29/04/2020,0.1
30/04/2020,0.1
01/05/2020,0.1
04/05/2020,0.1
05/05/2020,0.09
06/05/2020,0.08
07/05/2020,0.1
08/05/2020,0.1
11/05/2020,0.09
12/05/2020,0.1
13/05/2020,0.1
14/05/2020,0.09
15/05/2020,0.09
18/05/2020,0.1
19/05/2020,0.09
20/05/2020,0.08
21/05/2020,0.09
22/05/2020,0.09
25/05/2020,
26/05/2020,0.1
27/05/2020,0.11
28/05/2020,0.14
29/05/2020,0.13
01/06/2020,0.12
02/06/2020,0.12
03/06/2020,0.12
04/06/2020,0.13
05/06/2020,0.13
08/06/2020,0.15
09/06/2020,0.14
10/06/2020,0.13
11/06/2020,0.14
12/06/2020,0.14
15/06/2020,0.15
16/06/2020,0.14
17/06/2020,0.13
18/06/2020,0.13
19/06/2020,0.13
22/06/2020,0.14
23/06/2020,0.12
24/06/2020,0.11
25/06/2020,0.13
26/06/2020,0.12
29/06/2020,0.11
30/06/2020,0.13
01/07/2020,0.12
02/07/2020,0.13
03/07/2020,
06/07/2020,0.12
07/07/2020,0.12
08/07/2020,0.11
09/07/2020,0.11
10/07/2020,0.1
13/07/2020,0.11
14/07/2020,0.11
15/07/2020,0.12
16/07/2020,0.12
17/07/2020,0.11
20/07/2020,0.11
21/07/2020,0.09
22/07/2020,0.09
23/07/2020,0.09
24/07/2020,0.1
27/07/2020,0.1
28/07/2020,0.09
29/07/2020,0.09
30/07/2020,0.1
31/07/2020,0.09
03/08/2020,0.09
04/08/2020,0.09
05/08/2020,0.08
06/08/2020,0.07
07/08/2020,0.08
10/08/2020,0.09
11/08/2020,0.08
12/08/2020,0.08
13/08/2020,0.08
14/08/2020,0.09
17/08/2020,0.09
18/08/2020,0.08
19/08/2020,0.07
20/08/2020,0.08
21/08/2020,0.07
24/08/2020,0.09
25/08/2020,0.08
26/08/2020,0.08
27/08/2020,0.09
28/08/2020,0.09
31/08/2020,0.08
01/09/2020,0.09
02/09/2020,0.1
03/09/2020,0.1
04/09/2020,0.09
07/09/2020,
08/09/2020,0.1
09/09/2020,0.1
10/09/2020,0.1
11/09/2020,0.1
14/09/2020,0.1
15/09/2020,0.09
16/09/2020,0.08
17/09/2020,0.09
18/09/2020,0.09
21/09/2020,0.09
22/09/2020,0.08
23/09/2020,0.08
24/09/2020,0.08
25/09/2020,0.08
28/09/2020,0.09
29/09/2020,0.07
30/09/2020,0.08
01/10/2020,0.09
02/10/2020,0.1
05/10/2020,0.09
06/10/2020,0.08
07/10/2020,0.08
08/10/2020,0.09
09/10/2020,0.1
12/10/2020,
13/10/2020,0.09
14/10/2020,0.1
15/10/2020,0.1
16/10/2020,0.09
19/10/2020,0.09
20/10/2020,0.08
21/10/2020,0.08
22/10/2020,0.09
23/10/2020,0.08
26/10/2020,0.08
27/10/2020,0.08
28/10/2020,0.07
29/10/2020,0.08
30/10/2020,0.08
02/11/2020,0.09
03/11/2020,0.09
04/11/2020,0.08
05/11/2020,0.09
06/11/2020,0.1
09/11/2020,0.1
10/11/2020,0.09
11/11/2020,
12/11/2020,0.1
13/11/2020,0.1
16/11/2020,0.09
17/11/2020,0.08
18/11/2020,0.07
19/11/2020,0.08
20/11/2020,0.09
23/11/2020,0.08
24/11/2020,0.08
25/11/2020,0.07
26/11/2020,
27/11/2020,0.09
30/11/2020,0.08
01/12/2020,0.07
02/12/2020,0.07
03/12/2020,0.08
04/12/2020,0.07
07/12/2020,0.09
08/12/2020,0.08
09/12/2020,0.07
10/12/2020,0.07
11/12/2020,0.08
14/12/2020,0.07
15/12/2020,0.07
16/12/2020,0.08
17/12/2020,0.08
18/12/2020,0.08
21/12/2020,0.08
22/12/2020,0.07
23/12/2020,0.07
24/12/2020,0.09
25/12/2020,
28/12/2020,0.09
29/12/2020,0.08
30/12/2020,0.06
31/12/2020,0.08
01/01/2021,
04/01/2021,0.09
05/01/2021,0.08
06/01/2021,0.09
07/01/2021,0.09
08/01/2021,0.08
11/01/2021,0.09
12/01/2021,0.09
13/01/2021,0.09
14/01/2021,0.09
15/01/2021,0.08
18/01/2021,
19/01/2021,0.07
20/01/2021,0.08
21/01/2021,0.07
22/01/2021,0.07
25/01/2021,0.07
26/01/2021,0.05
27/01/2021,0.05
28/01/2021,0.05
29/01/2021,0.07
01/02/2021,0.06
02/02/2021,0.04
03/02/2021,0.03
04/02/2021,0.03
05/02/2021,0.02
08/02/2021,0.04
09/02/2021,0.04
10/02/2021,0.05
11/02/2021,0.05
12/02/2021,0.03
15/02/2021,
16/02/2021,0.03
17/02/2021,0.03
18/02/2021,0.03
19/02/2021,0.03
22/02/2021,0.03
23/02/2021,0.03
24/02/2021,0.03
25/02/2021,0.04
26/02/2021,0.04
01/03/2021,0.03
02/03/2021,0.04
03/03/2021,0.04
04/03/2021,0.03
05/03/2021,0.04
08/03/2021,0.04
09/03/2021,0.04
10/03/2021,0.03
11/03/2021,0.04
12/03/2021,0.03
15/03/2021,0.02
16/03/2021,0.01
17/03/2021,0.01
18/03/2021,0.01
19/03/2021,0.01
22/03/2021,0.02
23/03/2021,0.02
24/03/2021,0.02
25/03/2021,0.02
26/03/2021,0.02
29/03/2021,0.02
30/03/2021,0.01
31/03/2021,0.01
01/04/2021,0.02
02/04/2021,0.02
05/04/2021,0.03
06/04/2021,0.02
07/04/2021,0.01
08/04/2021,0.02
09/04/2021,0.02
12/04/2021,0.02
13/04/2021,0.03
14/04/2021,0.02
15/04/2021,0.02
16/04/2021,0.02
19/04/2021,0.01
20/04/2021,0.01
21/04/2021,0
22/04/2021,0.02
23/04/2021,0.01
26/04/2021,0.02
27/04/2021,0.01
28/04/2021,0.01
29/04/2021,0.01
30/04/2021,0.01
03/05/2021,0.02
04/05/2021,0.01
05/05/2021,0.01
06/05/2021,0.01
07/05/2021,0.01
10/05/2021,0.02
11/05/2021,0.01
12/05/2021,0.01
13/05/2021,0
14/05/2021,0.01
17/05/2021,0
18/05/2021,0
19/05/2021,0
20/05/2021,0.01
21/05/2021,0
24/05/2021,0.01
25/05/2021,0.01
26/05/2021,0
27/05/2021,0
28/05/2021,0.01
31/05/2021,
01/06/2021,0.01
02/06/2021,0.01
03/06/2021,0
04/06/2021,0.01
07/06/2021,0.01
08/06/2021,0.01
09/06/2021,0.01
10/06/2021,0.01
11/06/2021,0.01
14/06/2021,0.01
15/06/2021,0.02
16/06/2021,0.04
17/06/2021,0.05
18/06/2021,0.05
21/06/2021,0.04
22/06/2021,0.04
23/06/2021,0.04
24/06/2021,0.05
25/06/2021,0.05
28/06/2021,0.04
29/06/2021,0.04
30/06/2021,0.05
01/07/2021,0.05
02/07/2021,0.05
05/07/2021,
06/07/2021,0.05
07/07/2021,0.05
08/07/2021,0.06
09/07/2021,0.06
12/07/2021,0.05
13/07/2021,0.05
14/07/2021,0.06
15/07/2021,0.05
16/07/2021,0.05
19/07/2021,0.05
20/07/2021,0.05
21/07/2021,0.04
22/07/2021,0.04
23/07/2021,0.05
26/07/2021,0.05
27/07/2021,0.04
28/07/2021,0.04
29/07/2021,0.05
30/07/2021,0.05
02/08/2021,0.05
03/08/2021,0.05
04/08/2021,0.05
05/08/2021,0.05
06/08/2021,0.04
09/08/2021,0.04
10/08/2021,0.05
11/08/2021,0.05
12/08/2021,0.05
13/08/2021,0.04
16/08/2021,0.04
17/08/2021,0.03
18/08/2021,0.03
19/08/2021,0.04
20/08/2021,0.04
23/08/2021,0.04
24/08/2021,0.03
25/08/2021,0.04
26/08/2021,0.04
27/08/2021,0.04
30/08/2021,0.04
31/08/2021,0.03
01/09/2021,0.04
02/09/2021,0.05
03/09/2021,0.04
06/09/2021,
07/09/2021,0.04
08/09/2021,0.05
09/09/2021,0.07
10/09/2021,0.06
13/09/2021,0.06
14/09/2021,0.05
15/09/2021,0.04
16/09/2021,0.06
17/09/2021,0.06
20/09/2021,0.06
21/09/2021,0.05
22/09/2021,0.04
23/09/2021,0.05
24/09/2021,0.06
27/09/2021,0.06
28/09/2021,0.07
29/09/2021,0.05
30/09/2021,0.07
01/10/2021,0.08
04/10/2021,0.09
05/10/2021,0.1
06/10/2021,0.06
07/10/2021,0.03
08/10/2021,0.02
11/10/2021,
12/10/2021,0.03
13/10/2021,0.03
14/10/2021,0.05
15/10/2021,0.04
18/10/2021,0.05
19/10/2021,0.06
20/10/2021,0.06
21/10/2021,0.06
22/10/2021,0.05
25/10/2021,0.07
26/10/2021,0.06
27/10/2021,0.06
28/10/2021,0.06
29/10/2021,0.06
01/11/2021,0.05
02/11/2021,0.05
03/11/2021,0.05
04/11/2021,0.05
05/11/2021,0.05
08/11/2021,0.04
09/11/2021,0.04
10/11/2021,0.06
11/11/2021,
12/11/2021,0.05
15/11/2021,0.06
16/11/2021,0.06
17/11/2021,0.06
18/11/2021,0.12
19/11/2021,0.11
22/11/2021,0.07
23/11/2021,0.06
24/11/2021,0.14
25/11/2021,
26/11/2021,0.11
29/11/2021,0.07
30/11/2021,0.11
01/12/2021,0.09
02/12/2021,0.05
03/12/2021,0.04
06/12/2021,0.05
07/12/2021,0.05
08/12/2021,0.04
09/12/2021,0.03
10/12/2021,0.03
13/12/2021,0.01
14/12/2021,0.02
15/12/2021,0.03
16/12/2021,0.04
17/12/2021,0.03
20/12/2021,0.03
21/12/2021,0.03
22/12/2021,0.03
23/12/2021,0.04
24/12/2021,
27/12/2021,0.04
28/12/2021,0.03
29/12/2021,0.01
30/12/2021,0.06
31/12/2021,0.06
03/01/2022,0.05
04/01/2022,0.06
05/01/2022,0.05
06/01/2022,0.04
07/01/2022,0.05
10/01/2022,0.05
11/01/2022,0.04
12/01/2022,0.04
13/01/2022,0.05
14/01/2022,0.05
17/01/2022,
18/01/2022,0.05
19/01/2022,0.05
20/01/2022,0.05
21/01/2022,0.05
24/01/2022,0.05
25/01/2022,0.05
26/01/2022,0.06
27/01/2022,0.04
28/01/2022,0.04
31/01/2022,0.03
01/02/2022,0.04
02/02/2022,0.04
03/02/2022,0.03
04/02/2022,0.05
07/02/2022,0.03
08/02/2022,0.03
09/02/2022,0.04
10/02/2022,0.05
11/02/2022,0.03
14/02/2022,0.03
15/02/2022,0.02
16/02/2022,0.03
17/02/2022,0.06
18/02/2022,0.03
21/02/2022,
22/02/2022,0.03
23/02/2022,0.02
24/02/2022,0.05
25/02/2022,0.03
28/02/2022,0.06
01/03/2022,0.11
02/03/2022,0.13
03/03/2022,0.19
04/03/2022,0.15
07/03/2022,0.17
08/03/2022,0.16
09/03/2022,0.18
10/03/2022,0.19
11/03/2022,0.17
14/03/2022,0.23
15/03/2022,0.22
16/03/2022,0.24
17/03/2022,0.2
18/03/2022,0.19
21/03/2022,0.22
22/03/2022,0.2
23/03/2022,0.15
24/03/2022,0.16
25/03/2022,0.17
28/03/2022,0.19
29/03/2022,0.18
30/03/2022,0.16
31/03/2022,0.17
01/04/2022,0.15
04/04/2022,0.18
05/04/2022,0.18
06/04/2022,0.21
07/04/2022,0.21
08/04/2022,0.2
11/04/2022,0.22
12/04/2022,0.21
13/04/2022,0.26
14/04/2022,0.37
15/04/2022,
18/04/2022,0.38
19/04/2022,0.37
20/04/2022,0.35
21/04/2022,0.5
22/04/2022,0.46
25/04/2022,0.4
26/04/2022,0.38
27/04/2022,0.37
28/04/2022,0.37
29/04/2022,0.37
02/05/2022,0.41
03/05/2022,0.48
04/05/2022,0.49
05/05/2022,0.49
06/05/2022,0.48
09/05/2022,0.51
10/05/2022,0.57
11/05/2022,0.59
12/05/2022,0.61
13/05/2022,0.67
16/05/2022,0.64
17/05/2022,0.61
18/05/2022,0.56
19/05/2022,0.65
20/05/2022,0.63
23/05/2022,0.55
24/05/2022,0.55
25/05/2022,0.58
26/05/2022,0.71
27/05/2022,0.69
30/05/2022,
31/05/2022,0.73
01/06/2022,0.77
02/06/2022,0.85
03/06/2022,0.87
06/06/2022,0.88
07/06/2022,0.87
08/06/2022,0.89
09/06/2022,1.05
10/06/2022,1.1
13/06/2022,1.13
14/06/2022,1.19
15/06/2022,1.21
16/06/2022,1.19
17/06/2022,1.15
20/06/2022,
21/06/2022,1.08
22/06/2022,0.98
23/06/2022,1.12
24/06/2022,1.19
27/06/2022,1.16
28/06/2022,1.12
29/06/2022,1.12
30/06/2022,1.28
01/07/2022,1.27
04/07/2022,
05/07/2022,1.33
06/07/2022,1.36
07/07/2022,1.55
08/07/2022,1.57
11/07/2022,1.58
12/07/2022,1.63
13/07/2022,1.78
14/07/2022,1.99
15/07/2022,1.98
18/07/2022,1.96
19/07/2022,1.93
20/07/2022,1.92
21/07/2022,2.15
22/07/2022,2.15
25/07/2022,2.14
26/07/2022,2.17
27/07/2022,2.14
28/07/2022,2.2
29/07/2022,2.22
01/08/2022,2.22
02/08/2022,2.22
03/08/2022,2.2
04/08/2022,2.19
05/08/2022,2.21
08/08/2022,2.23
09/08/2022,2.23
10/08/2022,2.24
11/08/2022,2.24
12/08/2022,2.23
15/08/2022,2.27
16/08/2022,2.26
17/08/2022,2.22
18/08/2022,2.23
19/08/2022,2.23
22/08/2022,2.27
23/08/2022,2.28
24/08/2022,2.29
25/08/2022,2.42
26/08/2022,2.39
29/08/2022,2.45
30/08/2022,2.43
31/08/2022,2.4
01/09/2022,2.53
02/09/2022,2.49
05/09/2022,
06/09/2022,2.44
07/09/2022,2.3
08/09/2022,2.57
09/09/2022,2.57
12/09/2022,2.62
13/09/2022,2.55
14/09/2022,2.54
15/09/2022,2.76
16/09/2022,2.68
19/09/2022,2.62
20/09/2022,2.57
21/09/2022,2.59
22/09/2022,2.73
23/09/2022,2.67
26/09/2022,2.73
27/09/2022,2.71
28/09/2022,2.63
29/09/2022,2.78
30/09/2022,2.79
03/10/2022,2.87
04/10/2022,2.91
05/10/2022,2.89
06/10/2022,3.05
07/10/2022,3.03
10/10/2022,
11/10/2022,3.07
12/10/2022,3.07
13/10/2022,3.35
14/10/2022,3.3
17/10/2022,3.3
18/10/2022,3.25
19/10/2022,3.31
20/10/2022,3.58
21/10/2022,3.55
24/10/2022,3.57
25/10/2022,3.56
26/10/2022,3.54
27/10/2022,3.76
28/10/2022,3.75
31/10/2022,3.73
01/11/2022,3.72
02/11/2022,3.7
03/11/2022,3.75
04/11/2022,3.73
07/11/2022,3.78
08/11/2022,3.66
09/11/2022,3.65
10/11/2022,3.71
11/11/2022,
14/11/2022,3.72
15/11/2022,3.77
16/11/2022,3.81
17/11/2022,3.93
18/11/2022,3.93
21/11/2022,3.97
22/11/2022,3.97
23/11/2022,4.12
24/11/2022,
25/11/2022,4.16
28/11/2022,4.11
29/11/2022,4.08
30/11/2022,4.07
01/12/2022,4.04
02/12/2022,3.91
05/12/2022,3.93
06/12/2022,3.87
07/12/2022,3.79
08/12/2022,3.75
09/12/2022,3.81
12/12/2022,3.86
13/12/2022,3.89
14/12/2022,3.91
15/12/2022,3.95
16/12/2022,3.94
19/12/2022,3.95
20/12/2022,3.89
21/12/2022,3.9
22/12/2022,3.8
23/12/2022,3.8
26/12/2022,
27/12/2022,3.87
28/12/2022,3.86
29/12/2022,4.04
30/12/2022,4.12