Date,ACEIX_stock,ACEIX_bond,AOVIX_stock,AOVIX_bond,BERIX_stock,BERIX_bond,FBALX_stock,FBALX_bond,TRSGX_stock,TRSGX_bond,VSCGX_stock,VSCGX_bond
2008-01-31,0.5586372083541398,0.44136279164586023,0.8920490604456174,0.10795093955438262,0.2678316030247279,0.7321683969752721,0.4750758613980226,0.5249241386019774,0.7386230174334821,0.26137698256651787,1.0,0.0
2008-02-29,0.6697956444066884,0.3302043555933116,0.976430443969655,0.02356955603034505,0.34036611946417866,0.6596338805358213,0.521003492477902,0.478996507522098,0.9257738941915933,0.07422610580840672,1.0,0.0
2008-03-31,0.7967167396205259,0.20328326037947408,0.9342906902856425,0.06570930971435751,0.3758158442991006,0.6241841557008994,0.68514688623509,0.31485311376491,0.9296944789691765,0.07030552103082355,1.0,0.0
2008-04-30,0.6871060496325657,0.3128939503674343,0.9492815983967141,0.05071840160328589,0.29280534789345125,0.7071946521065487,0.5324364704682292,0.4675635295317708,0.7905377926435456,0.20946220735645438,0.9680412770935829,0.0319587229064171
2008-05-31,0.585818559936245,0.414181440063755,0.9062071230139314,0.09379287698606864,0.31349539421414985,0.6865046057858502,0.5071681559744687,0.49283184402553126,0.8115236913468739,0.18847630865312615,0.9458615062351395,0.05413849376486046
2008-06-30,0.5842970692512899,0.4157029307487101,0.7441361246355164,0.25586387536448363,0.21957078362840238,0.7804292163715976,0.494733276707248,0.505266723292752,0.6844272210257092,0.3155727789742908,0.9561212566006673,0.04387874339933273
2008-07-31,0.48499481154235535,0.5150051884576446,0.6878244933974836,0.31217550660251636,0.24348122592568172,0.7565187740743182,0.37595665208633916,0.6240433479136609,0.7079654869666284,0.2920345130333716,0.9686198313205785,0.031380168679421505
2008-08-31,0.4021186725838364,0.5978813274161636,0.7665357342544675,0.23346426574553247,0.07775911221530368,0.9222408877846964,0.32747810573179925,0.6725218942682007,0.6376409757980424,0.36235902420195765,0.8791769361726719,0.1208230638273281
2008-09-30,0.4844206906729518,0.5155793093270482,0.7955510528992021,0.20444894710079786,0.1664134914848418,0.8335865085151581,0.43111447756755017,0.5688855224324498,0.7474953646699795,0.25250463533002054,0.9400000000000001,0.05999999999999994
2008-10-31,0.6668489205969839,0.33315107940301614,0.9096401447672198,0.09035985523278023,0.30053390163156013,0.6994660983684399,0.570051583236474,0.429948416763526,0.7228885304736151,0.2771114695263849,0.9359750035752205,0.06402499642477955
2008-11-30,0.6419999110995523,0.35800008890044765,0.9586316009495018,0.04136839905049816,0.38307435579452065,0.6169256442054794,0.5977359286712324,0.4022640713287676,0.9247848877050853,0.07521511229491473,1.0,0.0
2008-12-31,0.7290895394459405,0.27091046055405954,0.9745751453854371,0.025424854614562897,0.37818358735050744,0.6218164126494925,0.46133490590249066,0.5386650940975093,0.8767731271358716,0.12322687286412837,1.0,0.0
2009-01-31,0.49788971104928875,0.5021102889507112,0.8313063103607526,0.16869368963924736,0.32656555521581593,0.673434444784184,0.48602603472228384,0.5139739652777162,0.7601532993129586,0.2398467006870414,0.891555563086874,0.108444436913126
2009-02-28,0.6689217088025117,0.33107829119748833,0.961865278323081,0.038134721676919,0.3595360994416702,0.6404639005583298,0.6051134998661536,0.3948865001338464,0.7805470993576926,0.21945290064230738,0.996355962392889,0.0036440376071109615
2009-03-31,0.591923773380751,0.408076226619249,0.7478929164383463,0.2521070835616537,0.28902801202625616,0.7109719879737438,0.5384407010829837,0.4615592989170163,0.8041814089763266,0.19581859102367338,0.9329352794193942,0.06706472058060575
2009-04-30,0.5895272112969072,0.4104727887030928,0.8601280152980565,0.1398719847019435,0.29479998530897306,0.7052000146910269,0.4828287788525619,0.5171712211474381,0.8484288683808159,0.15157113161918412,1.0,0.0
2009-05-31,0.564836949918032,0.435163050081968,0.9521875898306219,0.047812410169378095,0.3066512540859975,0.6933487459140024,0.4561519501246967,0.5438480498753033,0.8749890890412537,0.12501091095874628,1.0,0.0
2009-06-30,0.644185610995024,0.355814389004976,0.8815613001485355,0.11843869985146449,0.3158972120982952,0.6841027879017048,0.614053922878244,0.385946077121756,0.9812249072876186,0.018775092712381425,1.0,0.0
2009-07-31,0.7160469552116666,0.2839530447883334,0.9466023069772764,0.05339769302272357,0.42257572356861206,0.5774242764313879,0.5957326495699005,0.40426735043009954,0.8187144919812637,0.18128550801873633,1.0,0.0
2009-08-31,0.758284084433133,0.241715915566867,0.8299795104680158,0.17002048953198423,0.4133210332681061,0.5866789667318939,0.5833298035943096,0.41667019640569036,0.87130167598759,0.12869832401241,0.965859578822506,0.03414042117749405
2009-09-30,0.5529985642934659,0.44700143570653406,0.8455306046192709,0.15446939538072912,0.17042436556049173,0.8295756344395082,0.5772060669326282,0.4227939330673718,0.6742164921470415,0.3257835078529585,1.0,0.0
2009-10-31,0.591663662357248,0.408336337642752,0.8099728543468371,0.19002714565316292,0.23211234842410072,0.7678876515758992,0.39337617272798986,0.6066238272720101,0.8181772430274165,0.18182275697258354,0.8931399236891686,0.10686007631083139
2009-11-30,0.531077992786326,0.46892200721367405,0.6804836448899674,0.3195163551100326,0.18696288747426518,0.8130371125257349,0.3750737409171188,0.6249262590828812,0.6878917586674125,0.3121082413325875,0.9753478221886667,0.02465217781133333
2009-12-31,0.5497135093469137,0.45028649065308635,0.9044381411338199,0.09556185886618007,0.14803332705719574,0.8519666729428043,0.45802013318097706,0.541979866819023,0.8538959868351842,0.1461040131648158,0.9417987971445942,0.058201202855405754
2010-01-31,0.5977556806657972,0.4022443193342028,0.8506068415338365,0.14939315846616352,0.3793172903390305,0.6206827096609695,0.5192420975071875,0.48075790249281247,0.8327186225133834,0.16728137748661664,1.0,0.0
2010-02-28,0.6157047479950366,0.3842952520049634,0.9071741662012724,0.09282583379872755,0.42772705918158177,0.5722729408184182,0.5842332594549803,0.4157667405450197,0.9290665255875454,0.07093347441245457,1.0,0.0
2010-03-31,0.6548682938821045,0.34513170611789545,0.9145075961371547,0.08549240386284529,0.3308752232361532,0.6691247767638469,0.5703960203921686,0.42960397960783137,0.9004236304175939,0.09957636958240612,1.0,0.0
2010-04-30,0.6453563149711852,0.3546436850288148,0.8428684366780838,0.15713156332191625,0.37403110161024866,0.6259688983897513,0.5437514931471136,0.4562485068528864,0.8911059707529045,0.10889402924709546,1.0,0.0
2010-05-31,0.6958914209463127,0.30410857905368727,0.780122252610199,0.21987774738980104,0.22822532535693738,0.7717746746430626,0.5312157368015987,0.4687842631984013,0.7987323703900798,0.20126762960992017,0.941998518301359,0.058001481698641055
2010-06-30,0.5002393794596343,0.49976062054036574,0.8344965582148846,0.16550344178511545,0.22010033507431134,0.7798996649256886,0.4922500481470137,0.5077499518529863,0.7629017229484324,0.2370982770515676,0.8802854581270954,0.11971454187290465
2010-07-31,0.5234883077613347,0.4765116922386653,0.7361336976025643,0.2638663023974357,0.20454171471834756,0.7954582852816524,0.4938039414133067,0.5061960585866934,0.7744160510512692,0.2255839489487308,0.9882647388816669,0.011735261118333118
2010-08-31,0.5486956869396312,0.4513043130603688,0.7776237440883069,0.22237625591169308,0.3278487128163103,0.6721512871836897,0.5069875992465815,0.49301240075341846,0.788806721004015,0.21119327899598495,0.9552960266621968,0.04470397333780318
2010-09-30,0.5875388164494065,0.41246118355059347,0.887244935136943,0.11275506486305698,0.30699018057032845,0.6930098194296715,0.5221147282424626,0.47788527175753737,0.8857832544162578,0.11421674558374217,0.9828575197019463,0.017142480298053653
2010-10-31,0.6458456651731543,0.35415433482684566,0.9032733439126304,0.09672665608736963,0.4316645663841155,0.5683354336158846,0.5775503483950176,0.4224496516049824,0.8215591362738104,0.1784408637261896,1.0,0.0
2010-11-30,0.608364127646978,0.391635872353022,0.9129503368865164,0.08704966311348361,0.4468495594224745,0.5531504405775255,0.7,0.30000000000000004,0.9371064537683723,0.06289354623162768,1.0,0.0
2010-12-31,0.6426346467782108,0.3573653532217892,0.9297307292184317,0.0702692707815683,0.22264057897816503,0.777359421021835,0.5625699319983907,0.43743006800160933,0.8308574138956365,0.1691425861043635,1.0,0.0
2011-01-31,0.5076018219241316,0.4923981780758684,0.8904668828451658,0.10953311715483416,0.37735957255555075,0.6226404274444493,0.4582928556943599,0.54170714430564,0.8041945704812428,0.19580542951875723,1.0,0.0
2011-02-28,0.46775486626016255,0.5322451337398375,0.8373441925822991,0.16265580741770091,0.19108989740602317,0.8089101025939769,0.41238536300318257,0.5876146369968174,0.6827798450591075,0.3172201549408925,0.9849818617017811,0.015018138298218853
2011-03-31,0.47224616216805687,0.5277538378319431,0.7392084807790724,0.2607915192209276,0.2487407469786556,0.7512592530213444,0.38192205466695284,0.6180779453330472,0.7227640605122349,0.27723593948776515,0.8471869956556427,0.1528130043443573
2011-04-30,0.5968735614562408,0.4031264385437592,0.7869810175030993,0.21301898249690066,0.21518406236504606,0.7848159376349539,0.49784564654197483,0.5021543534580252,0.6676255288754175,0.3323744711245825,0.989738846991102,0.01026115300889796
2011-05-31,0.7105929032917964,0.28940709670820364,0.854099702236452,0.14590029776354796,0.30717177997847417,0.6928282200215259,0.5422881374729227,0.4577118625270773,0.8568230432541161,0.14317695674588393,1.0,0.0
2011-06-30,0.696124295564072,0.30387570443592804,0.9109411943486646,0.0890588056513354,0.3578883934181382,0.6421116065818617,0.584084724069382,0.41591527593061794,0.8790739653403958,0.12092603465960416,1.0,0.0
2011-07-31,0.6653088456313133,0.3346911543686867,0.9201948255484085,0.07980517445159152,0.21551303603080071,0.7844869639691993,0.5447067393919633,0.45529326060803665,0.7914502236119338,0.20854977638806615,0.955,0.04500000000000004
2011-08-31,0.631644715574903,0.368355284425097,0.8145233401949113,0.18547665980508865,0.38716328980749837,0.6128367101925016,0.44978664784918393,0.5502133521508161,0.7731187169374872,0.22688128306251276,0.97,0.030000000000000027
2011-09-30,0.5964187040378388,0.4035812959621612,0.8306471093048391,0.1693528906951609,0.2645648372061063,0.7354351627938938,0.38700352737971416,0.6129964726202859,0.7511961709224796,0.2488038290775204,0.9150433180404284,0.08495668195957162
2011-10-31,0.48122401100848516,0.5187759889915149,0.7568045204985877,0.2431954795014123,0.28816407972953967,0.7118359202704603,0.5083030194874231,0.49169698051257693,0.7439530248654321,0.25604697513456787,0.9591512009306684,0.04084879906933159
2011-11-30,0.42275334790713787,0.5772466520928621,0.6817428869915878,0.3182571130084122,0.1543558987529455,0.8456441012470545,0.4165699396391189,0.5834300603608811,0.747435815214026,0.252564184785974,0.9498291478614991,0.05017085213850092
2011-12-31,0.642554702425857,0.357445297574143,0.8396028216839868,0.1603971783160132,0.3290471216496941,0.6709528783503059,0.5669503561331936,0.43304964386680644,0.7238414477820921,0.27615855221790786,1.0,0.0
2012-01-31,0.623894200710422,0.376105799289578,1.0,0.0,0.39295462996454433,0.6070453700354557,0.5612576067358901,0.4387423932641099,0.7841815121049757,0.21581848789502434,1.0,0.0
2012-02-29,0.6592671385145428,0.34073286148545723,0.9173771307299611,0.08262286927003892,0.42564103762674244,0.5743589623732576,0.5347589023355532,0.46524109766444677,0.8369665355639977,0.1630334644360023,1.0,0.0
2012-03-31,0.7206391527680405,0.27936084723195953,1.0,0.0,0.3953880288935533,0.6046119711064467,0.605715980515617,0.39428401948438296,0.907703185347184,0.09229681465281603,1.0,0.0
2012-04-30,0.6967596085076906,0.3032403914923094,0.908743380013018,0.09125661998698198,0.38930384781227023,0.6106961521877298,0.5727145473806394,0.4272854526193606,0.8606178751326219,0.1393821248673781,0.9536043976566824,0.04639560234331763
2012-05-31,0.6038610982463745,0.39613890175362554,0.8595436771850484,0.14045632281495157,0.1116038931378055,0.8883961068621945,0.5090590019137714,0.4909409980862286,0.7590554036089864,0.24094459639101362,0.9365547013979633,0.06344529860203674
2012-06-30,0.5488178014075034,0.45118219859249664,0.7333530455397529,0.2666469544602471,0.26787194704288486,0.7321280529571151,0.37799481020200365,0.6220051897979963,0.692362761372973,0.30763723862702697,0.9024485109130619,0.09755148908693811
2012-07-31,0.5620757360674729,0.43792426393252715,0.7135555756921078,0.2864444243078922,0.22256269053362143,0.7774373094663786,0.41230077476299826,0.5876992252370017,0.7091794672334977,0.2908205327665023,0.9771622031813977,0.02283779681860232
2012-08-31,0.5580966825379104,0.44190331746208955,0.8412244078176715,0.1587755921823285,0.2297139109812283,0.7702860890187717,0.5756236604035357,0.42437633959646426,0.7774015756923821,0.2225984243076179,0.9849347439545645,0.015065256045435516
2012-09-30,0.6707611102658008,0.32923888973419924,0.9538619130386097,0.04613808696139032,0.273897841390148,0.7261021586098519,0.5462626554588331,0.4537373445411669,0.8613913546339473,0.13860864536605266,1.0,0.0
2012-10-31,0.673351908608988,0.32664809139101203,0.932193614587685,0.06780638541231498,0.4421931740632633,0.5578068259367367,0.5326708807857312,0.4673291192142688,0.9695064824826203,0.03049351751737972,1.0,0.0
2012-11-30,0.6844897613798523,0.3155102386201477,0.9842382167251998,0.015761783274800156,0.3926130405485223,0.6073869594514777,0.5664168339888472,0.43358316601115277,0.8847188877759079,0.1152811122240921,1.0,0.0
2012-12-31,0.6273999889425206,0.3726000110574794,0.8666709494673278,0.1333290505326722,0.3479424934641047,0.6520575065358953,0.5170632702188485,0.48293672978115154,0.7998449006289797,0.20015509937102027,1.0,0.0
2013-01-31,0.5758426356478495,0.42415736435215046,0.776446165302761,0.223553834697239,0.2386855509367459,0.7613144490632541,0.5028838481984574,0.49711615180154256,0.7745085958165955,0.22549140418340452,0.9911911510460768,0.008808848953923198
2013-02-28,0.5527621533597641,0.4472378466402359,0.7255248948743276,0.2744751051256724,0.18765121055308556,0.8123487894469145,0.3052970183022155,0.6947029816977845,0.6999817440775095,0.30001825592249054,0.9174248210825527,0.08257517891744726
2013-03-31,0.4639309615126375,0.5360690384873625,0.8194614046180743,0.18053859538192574,0.1948724711466268,0.8051275288533732,0.47495100678154645,0.5250489932184536,0.7122750619819547,0.28772493801804533,0.9015581071812017,0.09844189281879834
2013-04-30,0.6328204724578487,0.36717952754215133,0.837722124706594,0.16227787529340598,0.32483495662255346,0.6751650433774465,0.45992967820099895,0.540070321799001,0.7968665754258433,0.20313342457415673,1.0,0.0
2013-05-31,0.6239788781732991,0.3760211218267009,0.9336303218262725,0.06636967817372752,0.3659301651191426,0.6340698348808573,0.5514685511385168,0.4485314488614832,0.8110459033378895,0.1889540966621105,0.9970057766308837,0.0029942233691162556
2013-06-30,0.6751264565938967,0.3248735434061033,0.9374612034815724,0.06253879651842764,0.438680573804659,0.5613194261953409,0.5946596899077855,0.4053403100922145,0.8432972032835508,0.15670279671644916,1.0,0.0
2013-07-31,0.6905773430928531,0.3094226569071469,1.0,0.0,0.3732524913434198,0.6267475086565801,0.5572935576995206,0.4427064423004794,0.8533566033259783,0.1466433966740217,1.0,0.0
2013-08-31,0.6542980776292052,0.3457019223707948,0.9513595195614923,0.04864048043850766,0.27446242407802807,0.725537575921972,0.5876342651710308,0.4123657348289692,0.8149990639370928,0.18500093606290724,1.0,0.0
2013-09-30,0.5141562521033212,0.48584374789667883,0.8496991482715603,0.15030085172843966,0.3168740628507608,0.6831259371492392,0.3894157395753383,0.6105842604246616,0.6865962475032643,0.3134037524967357,0.9649154226764362,0.03508457732356385
2013-10-31,0.5878279360406238,0.4121720639593762,0.7180554434198521,0.28194455658014794,0.23730471199728392,0.762695288002716,0.43505062156450114,0.5649493784354989,0.842474719163332,0.15752528083666795,0.8372208959816579,0.16277910401834206
2013-11-30,0.596809439818028,0.40319056018197197,0.8090718390314091,0.1909281609685909,0.23962107005775563,0.7603789299422443,0.5011275589684888,0.4988724410315112,0.7268068893484851,0.27319311065151486,0.9628292978112717,0.03717070218872831
2013-12-31,0.5494095267428568,0.4505904732571432,0.7990454079468389,0.20095459205316113,0.30604240261188637,0.6939575973881136,0.46148263943629025,0.5385173605637097,0.7353984925995141,0.26460150740048594,0.9676805733737726,0.03231942662622744
2014-01-31,0.6508807127686047,0.3491192872313953,0.8273970899402917,0.1726029100597083,0.410574127305855,0.589425872694145,0.5268902139478273,0.4731097860521727,0.9267369360549061,0.07326306394509385,1.0,0.0
2014-02-28,0.6501212705969431,0.34987872940305687,0.9591619574085127,0.04083804259148727,0.5,0.5,0.6170707847640753,0.3829292152359247,0.8259140271905808,0.17408597280941918,1.0,0.0
2014-03-31,0.7068785790395437,0.29312142096045635,0.9968833644124319,0.0031166355875681395,0.37900296056818367,0.6209970394318163,0.5451691843220123,0.45483081567798767,0.9695181342380842,0.030481865761915805,1.0,0.0
2014-04-30,0.683209684877916,0.316790315122084,0.9123842624438814,0.08761573755611862,0.3328712157483533,0.6671287842516467,0.4729730129249668,0.5270269870750333,0.8483449882313103,0.15165501176868967,1.0,0.0
2014-05-31,0.5420632270097234,0.4579367729902766,0.8076895642239841,0.19231043577601592,0.30824771327684314,0.6917522867231569,0.4580122004985949,0.5419877995014051,0.7590843094247178,0.24091569057528217,0.9541838716879827,0.04581612831201731
2014-06-30,0.5177782264049583,0.4822217735950417,0.7600984780847544,0.2399015219152456,0.28253438628228644,0.7174656137177136,0.5790763306315523,0.4209236693684477,0.6258087460877843,0.37419125391221575,0.94040584768243,0.05959415231757004
2014-07-31,0.5772216472343885,0.4227783527656115,0.6959821271241936,0.3040178728758064,0.22092768922256945,0.7790723107774306,0.406240348099651,0.593759651900349,0.7464434129530997,0.2535565870469003,1.0,0.0
2014-08-31,0.5279684346611688,0.47203156533883117,0.8813731593771612,0.11862684062283879,0.2589689778721654,0.7410310221278347,0.5872674996852202,0.4127325003147798,0.7546853760338663,0.24531462396613368,1.0,0.0
2014-09-30,0.6597037568694601,0.34029624313053985,0.9664732729757965,0.03352672702420345,0.36208969005847375,0.6379103099415262,0.605827271866062,0.394172728133938,0.7993893866713737,0.20061061332862629,1.0,0.0
2014-10-31,0.7405647937848417,0.25943520621515825,0.9677633184406629,0.03223668155933712,0.4088078569662005,0.5911921430337995,0.5352510628472371,0.4647489371527629,0.9706473683590167,0.02935263164098334,1.0,0.0
2014-11-30,0.7522357682990206,0.2477642317009794,0.9192328704778316,0.08076712952216836,0.4260323961383948,0.5739676038616053,0.4871948688804565,0.5128051311195435,0.8529642857873112,0.1470357142126888,1.0,0.0
2014-12-31,0.6216580444507785,0.37834195554922145,0.8557296223156444,0.14427037768435558,0.29436394566780116,0.7056360543321989,0.5869767119856664,0.41302328801433363,0.8199690516017397,0.18003094839826028,1.0,0.0
2015-01-31,0.6276205103858847,0.37237948961411527,0.8061007320294262,0.19389926797057377,0.33603334812454044,0.6639666518754596,0.49080421503969374,0.5091957849603063,0.8579249469923186,0.14207505300768142,0.986639475043522,0.013360524956477993
2015-02-28,0.5927738769066914,0.40722612309330863,0.7895909363407037,0.21040906365929635,0.2842110810717337,0.7157889189282662,0.4334174156089562,0.5665825843910438,0.6859455620618066,0.31405443793819343,0.8344950299546539,0.16550497004534614
2015-03-31,0.5169624179292422,0.48303758207075775,0.7901129645187449,0.2098870354812551,0.2018405455714402,0.7981594544285597,0.4183400794186339,0.5816599205813662,0.6846287378032103,0.3153712621967897,1.0,0.0
2015-04-30,0.5040050504144069,0.4959949495855931,0.8678826534552389,0.13211734654476115,0.24161292510850443,0.7583870748914956,0.5198487776237504,0.48015122237624963,0.8052365370605112,0.19476346293948876,0.944964795261047,0.05503520473895296
2015-05-31,0.6468790609715659,0.3531209390284341,0.9336082438156527,0.06639175618434734,0.25008398936689147,0.7499160106331085,0.5918471030714927,0.4081528969285073,0.8571422312399684,0.14285776876003164,0.9999282409238095,7.175907619050292e-05
2015-06-30,0.6919892995949588,0.3080107004050412,0.9218625008471993,0.07813749915280066,0.46514427320916135,0.5348557267908387,0.7,0.30000000000000004,0.9594665750445063,0.040533424955493724,1.0,0.0
2015-07-31,0.7115345467450604,0.28846545325493955,0.9491615594861722,0.0508384405138278,0.4555181740928185,0.5444818259071815,0.5614904179952854,0.43850958200471457,0.8755290932561861,0.12447090674381389,1.0,0.0
2015-08-31,0.6990650088611093,0.30093499113889066,0.8921723711560974,0.10782762884390262,0.37903592638444933,0.6209640736155506,0.5230399729059707,0.4769600270940293,0.8687334136171379,0.13126658638286215,1.0,0.0
2015-09-30,0.49367060160006837,0.5063293983999316,0.7748928114287255,0.22510718857127454,0.2249615858934621,0.7750384141065378,0.5063677643172029,0.4936322356827971,0.7280612829113009,0.2719387170886991,1.0,0.0
2015-10-31,0.4801953291323716,0.5198046708676284,0.825785361635401,0.17421463836459905,0.28349270259482096,0.716507297405179,0.41412401312165625,0.5858759868783437,0.7041132141237002,0.2958867858762998,1.0,0.0
2015-11-30,0.5256546829773573,0.4743453170226427,0.7927650823409438,0.20723491765905622,0.22360259660994466,0.7763974033900554,0.49727844735284604,0.502721552647154,0.797042833375107,0.20295716662489305,0.9473630245187554,0.052636975481244574
2015-12-31,0.6106260034953802,0.3893739965046198,0.7734203910792803,0.2265796089207197,0.36897462827505617,0.6310253717249439,0.5245126758496508,0.4754873241503492,0.7828871751860835,0.21711282481391647,0.9569293095682488,0.04307069043175116
2016-01-31,0.5869581287715642,0.41304187122843583,0.8929384903362838,0.10706150966371619,0.41414244853888466,0.5858575514611153,0.5331865702546418,0.4668134297453582,0.8298978246772724,0.17010217532272764,1.0,0.0
2016-02-29,0.7912635232538384,0.20873647674616158,0.9392723945552747,0.06072760544472533,0.4983379216105561,0.5016620783894439,0.6536924782709229,0.3463075217290771,0.9552703493643956,0.04472965063560441,1.0,0.0
2016-03-31,0.6541003139754864,0.3458996860245136,1.0,0.0,0.3575962931577692,0.6424037068422308,0.558523949408076,0.44147605059192396,0.9594049803568604,0.04059501964313961,1.0,0.0
2016-04-30,0.7505173240695723,0.24948267593042772,0.7975851423906475,0.20241485760935252,0.3752277218099909,0.6247722781900091,0.5913213659162901,0.40867863408370986,0.8131907620169893,0.18680923798301075,0.9499485560729449,0.05005144392705507
2016-05-31,0.5275625714996581,0.47243742850034187,0.7987374600811175,0.20126253991888254,0.12522161111062466,0.8747783888893753,0.4427118781185804,0.5572881218814196,0.835250647457352,0.164749352542648,0.9367402467308926,0.06325975326910738
2016-06-30,0.4798901189453374,0.5201098810546626,0.7424181373677177,0.25758186263228233,0.09506254278538721,0.9049374572146128,0.37126442687954503,0.6287355731204549,0.6618079139392082,0.33819208606079176,0.8756136697511354,0.12438633024886459
2016-07-31,0.5178057605200586,0.48219423947994144,0.770238702319056,0.229761297680944,0.2414908373928877,0.7585091626071123,0.44807159510527905,0.551928404894721,0.7088967356872024,0.29110326431279765,0.9773712904417934,0.022628709558206617
2016-08-31,0.5083892091987986,0.4916107908012014,0.9091422888817645,0.09085771111823548,0.19977046674067275,0.8002295332593272,0.5087971868566716,0.49120281314332837,0.7472672525569588,0.2527327474430412,0.9800169084777578,0.019983091522242202
2016-09-30,0.7131697996949053,0.28683020030509465,0.9258406823517427,0.07415931764825734,0.4219669390934576,0.5780330609065424,0.6505185923034935,0.3494814076965065,0.846760821893189,0.15323917810681098,1.0,0.0
2016-10-31,0.7368066889425748,0.26319331105742516,0.9750380364461295,0.02496196355387048,0.32474366042115416,0.6752563395788458,0.5561788722536722,0.44382112774632776,0.9221691879008902,0.0778308120991098,1.0,0.0
2016-11-30,0.6853219552142784,0.3146780447857216,0.8335998120871534,0.1664001879128466,0.45295864981844575,0.5470413501815543,0.5635565112286219,0.43644348877137806,0.8463660589582144,0.15363394104178563,1.0,0.0
2016-12-31,0.6912220378392901,0.30877796216070985,0.9133847064868325,0.08661529351316755,0.29986233534666995,0.70013766465333,0.5383161853770883,0.46168381462291175,0.8425693040718335,0.1574306959281665,1.0,0.0
2017-01-31,0.5869396162843546,0.41306038371564535,0.8081878747357152,0.19181212526428482,0.2928041556588792,0.7071958443411208,0.36785739929475286,0.6321426007052471,0.7562116766798379,0.2437883233201621,0.9946622681350784,0.005337731864921591
2017-02-28,0.4472076597489056,0.5527923402510944,0.7162574830651441,0.28374251693485586,0.196313174776228,0.803686825223772,0.4131033961608171,0.586896603839183,0.6780989679601953,0.3219010320398047,0.8301653450178128,0.1698346549821872
2017-03-31,0.5016053871670396,0.4983946128329604,0.792921166752607,0.20707883324739296,0.25644916342158547,0.7435508365784145,0.4471223395333005,0.5528776604666995,0.7201065365993083,0.27989346340069166,0.8853883725668981,0.11461162743310194
2017-04-30,0.6726920359057836,0.32730796409421636,0.8868844531298797,0.11311554687012026,0.3447595264079446,0.6552404735920554,0.466481805702369,0.533518194297631,0.8830690765840019,0.11693092341599809,1.0,0.0
2017-05-31,0.7015619486242846,0.29843805137571544,0.8584139110676235,0.14158608893237645,0.2903389124735793,0.7096610875264207,0.6088764267147291,0.3911235732852709,0.871307311749454,0.12869268825054603,1.0,0.0
2017-06-30,0.7231685641841914,0.2768314358158086,0.8749100573404185,0.1250899426595815,0.4718258319940937,0.5281741680059062,0.5951005858476003,0.4048994141523997,0.9268576483495583,0.0731423516504417,1.0,0.0
2017-07-31,0.6940581430427665,0.3059418569572335,0.9029047174512216,0.09709528254877842,0.4195309885329324,0.5804690114670676,0.4942195944772127,0.5057804055227872,0.8542578364881436,0.14574216351185643,1.0,0.0
2017-08-31,0.6654740373172449,0.33452596268275514,0.9460051790831989,0.05399482091680108,0.3242424075136982,0.6757575924863017,0.6095656934256168,0.39043430657438316,0.8972421522752727,0.10275784772472729,1.0,0.0
2017-09-30,0.6339665743208225,0.3660334256791775,0.8007148547737887,0.19928514522621132,0.3163163399028612,0.6836836600971388,0.5181155990631954,0.4818844009368046,0.7322922929262451,0.2677077070737549,0.9616384691687208,0.038361530831279245
2017-10-31,0.5711117623915803,0.42888823760841965,0.6499999999999999,0.3500000000000001,0.2339479487279305,0.7660520512720694,0.4080638217509902,0.5919361782490098,0.6648450627985266,0.3351549372014734,0.824381879579121,0.175618120420879
2017-11-30,0.5022456601259484,0.4977543398740516,0.8869924663350739,0.11300753366492611,0.2592512103799221,0.740748789620078,0.4567628975106216,0.5432371024893784,0.7811185543956348,0.21888144560436518,0.8626520365794884,0.1373479634205116
2017-12-31,0.6683556430002836,0.3316443569997164,0.9326476011577454,0.06735239884225463,0.2694298900757014,0.7305701099242986,0.534981016928033,0.465018983071967,0.7893587633284382,0.21064123667156176,0.9263394573490682,0.0736605426509318
2018-01-31,0.6479211014165277,0.3520788985834723,0.8928034463810036,0.10719655361899638,0.45096697412399517,0.5490330258760048,0.5061742961996857,0.4938257038003143,0.924412216626545,0.07558778337345495,1.0,0.0
2018-02-28,0.7358258441979337,0.26417415580206627,1.0,0.0,0.34310444071405843,0.6568955592859416,0.6736675537577108,0.3263324462422892,0.8205756038071925,0.17942439619280748,1.0,0.0
2018-03-31,0.6164400368169239,0.38355996318307606,0.9580250507274374,0.04197494927256262,0.40357952711456263,0.5964204728854374,0.5569440818126054,0.44305591818739465,0.8587642371577342,0.1412357628422658,1.0,0.0
2018-04-30,0.5129133735634145,0.4870866264365855,0.9109131616740672,0.08908683832593278,0.3666569200097377,0.6333430799902623,0.5435786828570576,0.45642131714294243,0.7877703815778362,0.2122296184221638,1.0,0.0
2018-05-31,0.6129884224677978,0.38701157753220217,0.8369122478764959,0.16308775212350413,0.30080410919504025,0.6991958908049598,0.36266129031678673,0.6373387096832133,0.7716775849418134,0.22832241505818662,0.9692579709353459,0.030742029064654064
2018-06-30,0.45503056749634674,0.5449694325036533,0.6905001500892569,0.3094998499107431,0.17730711620287248,0.8226928837971275,0.45999604934071986,0.5400039506592802,0.6709394977446971,0.3290605022553029,0.908867223220822,0.09113277677917797
2018-07-31,0.6066568977342734,0.39334310226572655,0.7366311645621032,0.2633688354378968,0.22179322049577016,0.7782067795042298,0.4521126996586094,0.5478873003413907,0.6995665932113254,0.3004334067886746,0.9245112121617045,0.07548878783829549
2018-08-31,0.6754048513532847,0.32459514864671535,0.8794106234634403,0.12058937653655966,0.3143985395686584,0.6856014604313416,0.565948198975751,0.434051801024249,0.7936616687258822,0.20633833127411783,0.963211115552691,0.03678888444730899
2018-09-30,0.6545140791537624,0.34548592084623764,0.964611259125826,0.035388740874173985,0.4333963161184531,0.5666036838815469,0.5199936685769193,0.4800063314230807,0.8986252166798956,0.10137478332010441,1.0,0.0
2018-10-31,0.6096794555125107,0.3903205444874893,0.949339505398967,0.050660494601032946,0.37878742045290786,0.6212125795470922,0.6784710557267885,0.32152894427321155,0.9914912819220055,0.00850871807799447,1.0,0.0
2018-11-30,0.7376637882937105,0.2623362117062895,0.9715763004053313,0.028423699594668728,0.44187925851300375,0.5581207414869962,0.6126967822594406,0.3873032177405594,0.8448424947464523,0.15515750525354766,1.0,0.0
2018-12-31,0.5296668701420436,0.4703331298579564,0.8441037765085493,0.15589622349145071,0.23847408710343904,0.761525912896561,0.42041529314397663,0.5795847068560234,0.7713435690713278,0.22865643092867216,0.937,0.06299999999999994
2019-01-31,0.49631760245476136,0.5036823975452387,0.8450211141569354,0.15497888584306463,0.06933709313636219,0.9306629068636378,0.35990546577198096,0.6400945342280191,0.7778146354411395,0.2221853645588605,0.8860740473588693,0.1139259526411307
2019-02-28,0.5618130508571993,0.43818694914280065,0.6255,0.37450000000000006,0.13933873523437262,0.8606612647656273,0.48281461061033365,0.5171853893896663,0.6818773315161972,0.3181226684838028,0.8969995558452721,0.10300044415472787
2019-03-31,0.4712276035411397,0.5287723964588603,0.7663146767677593,0.23368532323224067,0.2725500227701878,0.7274499772298122,0.46941301167583405,0.530586988324166,0.834976645034119,0.16502335496588105,0.9583424650298703,0.041657534970129695
2019-04-30,0.6202253035544197,0.37977469644558026,0.826676570814634,0.17332342918536603,0.33668671609198847,0.6633132839080116,0.47433607693888935,0.5256639230611106,0.8624656989524517,0.13753430104754827,1.0,0.0
2019-05-31,0.74711254268051,0.25288745731949,0.9671824654540836,0.032817534545916405,0.2857966223741988,0.7142033776258012,0.577023501550392,0.42297649844960805,0.8415890156966043,0.15841098430339573,1.0,0.0
2019-06-30,0.636128936838637,0.363871063161363,0.9324449624009752,0.06755503759902481,0.4948835540614344,0.5051164459385655,0.5778272863317553,0.4221727136682447,0.8717032391918046,0.1282967608081954,1.0,0.0
2019-07-31,0.6828172372896156,0.31718276271038437,0.9322314773797635,0.06776852262023647,0.40477399451916973,0.5952260054808303,0.6097628117772593,0.39023718822274067,0.8745320719617873,0.12546792803821272,1.0,0.0
2019-08-31,0.6378738569235642,0.36212614307643576,0.8738169871594912,0.1261830128405088,0.2942272598945406,0.7057727401054594,0.46529879733404444,0.5347012026659556,0.8289989863739918,0.17100101362600817,0.991384020655585,0.008615979344415048
2019-09-30,0.6915016983387281,0.3084983016612719,0.8664807561368011,0.1335192438631989,0.21489123496911472,0.7851087650308852,0.5061085936165901,0.4938914063834099,0.7590478278510094,0.24095217214899056,0.9507331641338697,0.04926683586613034
2019-10-31,0.46442141718248553,0.5355785828175145,0.7502877482766792,0.2497122517233208,0.21073911532981449,0.7892608846701855,0.4862297971702322,0.5137702028297678,0.7744207548513035,0.22557924514869654,0.9307866223765736,0.06921337762342639
2019-11-30,0.5918374193174144,0.4081625806825856,0.7791726809437455,0.22082731905625452,0.38623932089097696,0.6137606791090231,0.47615020526783497,0.523849794732165,0.6868573488172683,0.31314265118273166,0.9482370767174707,0.051762923282529294
2019-12-31,0.5751411699326983,0.42485883006730174,0.8395317340373747,0.1604682659626253,0.256710288177067,0.743289711822933,0.6145684811498933,0.38543151885010674,0.8602030901583837,0.1397969098416163,1.0,0.0
2020-01-31,0.7413579539329402,0.25864204606705976,0.867870600025115,0.13212939997488504,0.474262558529724,0.525737441470276,0.5108787677202803,0.4891212322797197,0.8405947777911869,0.15940522220881315,1.0,0.0
2020-02-29,0.6394039500806222,0.36059604991937777,0.9148316320200052,0.08516836797999483,0.4431065459681703,0.5568934540318298,0.6232422482615045,0.37675775173849546,0.9028311644816388,0.0971688355183612,1.0,0.0
2020-03-31,0.822271218816288,0.17772878118371205,1.0,0.0,0.5846776291709121,0.41532237082908785,0.751630680523061,0.24836931947693897,1.0,0.0,1.0,0.0
2020-04-30,0.723166672382271,0.27683332761772905,0.9192370104733387,0.08076298952666128,0.4217450151195239,0.5782549848804761,0.6095134567772557,0.39048654322274434,0.8975256558662739,0.10247434413372614,1.0,0.0
2020-05-31,0.6074243797188082,0.39257562028119175,0.8383186936311673,0.1616813063688327,0.28036416427749733,0.7196358357225027,0.5280829554976878,0.4719170445023122,0.7913524351234117,0.2086475648765883,0.9499238818784137,0.0500761181215863
2020-06-30,0.5128252934025532,0.48717470659744677,0.7496009470170205,0.2503990529829795,0.2649211699311898,0.7350788300688103,0.41512369348090067,0.5848763065190994,0.7627616092541657,0.2372383907458343,1.0,0.0
2020-07-31,0.49685810510984646,0.5031418948901536,0.8645717329279085,0.13542826707209155,0.20137452819475019,0.7986254718052498,0.4594502657164835,0.5405497342835165,0.771004446251679,0.22899555374832103,0.8718821225269807,0.12811787747301928
2020-08-31,0.5980751261144742,0.4019248738855258,0.8433852864994327,0.15661471350056733,0.34730255425584206,0.6526974457441579,0.5129148391969893,0.4870851608030107,0.7714849074964072,0.2285150925035928,0.9920781025342034,0.007921897465796635
2020-09-30,0.7215964737878798,0.27840352621212017,0.9959877821408699,0.004012217859130085,0.3727178357711291,0.6272821642288708,0.5921881041004857,0.4078118958995143,0.9094101139157537,0.09058988608424634,1.0,0.0
2020-10-31,0.7686298962227597,0.23137010377724032,0.9896869517841139,0.010313048215886078,0.47853086611703066,0.5214691338829693,0.5718145300437322,0.42818546995626783,0.8349019875276473,0.16509801247235267,1.0,0.0
2020-11-30,0.7922156856532487,0.20778431434675126,0.8240191016078104,0.17598089839218956,0.39241590646993385,0.6075840935300661,0.5590769127366749,0.4409230872633251,0.8914140516477744,0.10858594835222557,1.0,0.0
2020-12-31,0.5277171266222593,0.47228287337774066,0.8932434851558719,0.10675651484412807,0.3635410174498814,0.6364589825501186,0.5173566285919012,0.48264337140809876,0.847054032733108,0.15294596726689202,1.0,0.0
2021-01-31,0.5492052330397098,0.4507947669602902,0.8022398242832534,0.19776017571674664,0.20938215711121763,0.7906178428887823,0.4449446582319776,0.5550553417680224,0.7558042536231384,0.2441957463768616,1.0,0.0
2021-02-28,0.5435653549603194,0.45643464503968056,0.831813142466962,0.16818685753303797,0.3714312181509375,0.6285687818490625,0.4883481468716042,0.5116518531283958,0.8395994424565588,0.16040055754344118,0.9804834550917222,0.01951654490827781
2021-03-31,0.5821015076067518,0.41789849239324817,0.793235004404791,0.206764995595209,0.2386245695322004,0.7613754304677995,0.5046117930599494,0.4953882069400506,0.7593381223039727,0.24066187769602732,1.0,0.0
2021-04-30,0.6535007283804106,0.3464992716195894,0.9769273730741829,0.02307262692581713,0.36750014274058024,0.6324998572594198,0.568835716542024,0.43116428345797597,0.7744760656188661,0.22552393438113394,0.984440363691799,0.015559636308201008
2021-05-31,0.6374011378532177,0.3625988621467823,0.8827378035860637,0.11726219641393631,0.30140306505070846,0.6985969349492915,0.5002214528836847,0.4997785471163153,0.9188331632461153,0.0811668367538847,1.0,0.0
2021-06-30,0.631520444821908,0.36847955517809206,1.0,0.0,0.47179608516746174,0.5282039148325383,0.647607357768151,0.35239264223184896,0.9251219303898844,0.07487806961011556,1.0,0.0
2021-07-31,0.6106573852199931,0.38934261478000687,0.8347391806067027,0.1652608193932973,0.4138083840883254,0.5861916159116747,0.5054895229173758,0.4945104770826242,0.951411320111215,0.048588679888785014,0.9719658154225247,0.028034184577475307
2021-08-31,0.5561144149136986,0.4438855850863014,0.8540025884941363,0.14599741150586365,0.31717322078397214,0.6828267792160279,0.5561968548303613,0.4438031451696387,0.8045236263021261,0.19547637369787385,1.0,0.0
2021-09-30,0.5979181274783695,0.4020818725216305,0.8328068578109129,0.1671931421890871,0.24601293910034047,0.7539870608996595,0.5008608534707018,0.49913914652929825,0.8154038682477782,0.18459613175222178,0.9428023823119622,0.05719761768803777
2021-10-31,0.553438009046707,0.44656199095329296,0.7205037520490596,0.2794962479509404,0.2164404243227578,0.7835595756772422,0.45916105837405424,0.5408389416259458,0.7169859395355456,0.28301406046445443,0.9347646414350521,0.06523535856494789
2021-11-30,0.5706999433406702,0.4293000566593298,0.8460056944763686,0.15399430552363136,0.23244841631586385,0.7675515836841361,0.48146827353936733,0.5185317264606326,0.7549614020638946,0.24503859793610538,0.9883510459031791,0.011648954096820874
2021-12-31,0.6344268757058862,0.3655731242941138,0.811047639442487,0.18895236055751297,0.2925681871068593,0.7074318128931407,0.5136779299782338,0.4863220700217662,0.8000304496425941,0.19996955035740593,0.9070788959120933,0.09292110408790666
2022-01-31,0.5342360901376426,0.4657639098623574,0.818903859072933,0.18109614092706705,0.3407139961271643,0.6592860038728356,0.5269973670440407,0.47300263295595935,0.8459279012506487,0.15407209874935135,0.964,0.03600000000000003
2022-02-28,0.773,0.22699999999999998,0.8946745610615597,0.10532543893844026,0.38885409997082865,0.6111459000291714,0.5923042632887866,0.4076957367112134,0.8072377903733396,0.19276220962666035,0.982,0.018000000000000016
2022-03-31,0.6842662267009958,0.3157337732990042,0.9028411943636401,0.09715880563635992,0.35431821570357525,0.6456817842964248,0.6053927340174664,0.3946072659825336,0.9986635614810393,0.001336438518960703,1.0,0.0
2022-04-30,0.697753835848426,0.302246164151574,0.9041157273258007,0.0958842726741993,0.30067011085538836,0.6993298891446116,0.5069844900775557,0.49301550992244425,0.7583704291904168,0.24162957080958325,1.0,0.0
2022-05-31,0.5920765660715729,0.4079234339284271,0.7387745555503439,0.2612254444496561,0.24760882116954908,0.7523911788304509,0.505329223231002,0.49467077676899796,0.7911529814441889,0.20884701855581111,0.99800072256424,0.001999277435760005
2022-06-30,0.4298358864189626,0.5701641135810374,0.7271091202485784,0.27289087975142157,0.2499812553026011,0.7500187446973989,0.4455129177413556,0.5544870822586444,0.8008997348011606,0.1991002651988394,0.8228951433615813,0.17710485663841868
2022-07-31,0.6378711912832149,0.3621288087167851,0.8196426222598511,0.18035737774014893,0.2690101862647314,0.7309898137352686,0.4874570145352329,0.5125429854647672,0.6881501093821065,0.3118498906178935,1.0,0.0
2022-08-31,0.5706028040838438,0.4293971959161562,0.8671883115725384,0.1328116884274616,0.4408751958762086,0.5591248041237914,0.544599659425737,0.45540034057426304,0.9654168656336282,0.03458313436637184,1.0,0.0
2022-09-30,0.6627935919899883,0.33720640801001167,1.0,0.0,0.39641383660281676,0.6035861633971833,0.5900650878091459,0.4099349121908541,0.9247367020616822,0.07526329793831776,1.0,0.0
2022-10-31,0.6482315106417251,0.35176848935827487,0.9161932728688267,0.08380672713117332,0.4486966380235242,0.5513033619764758,0.5336095879137459,0.4663904120862541,0.978911183742638,0.02108881625736203,1.0,0.0
2022-11-30,0.7411773508773112,0.2588226491226888,0.9247286914702952,0.07527130852970476,0.40700035916447436,0.5929996408355256,0.5435127767127638,0.45648722328723623,0.8600623730580813,0.1399376269419187,1.0,0.0
2022-12-31,0.6124509131106209,0.38754908688937906,0.9958066850538684,0.004193314946131621,0.29125430740450325,0.7087456925954967,0.6344297324798367,0.3655702675201633,0.8184895540551658,0.18151044594483423,0.9712712604029059,0.0287287395970941
