Year,S&P 500 (includes dividends),US Small cap (bottom decile),3-month T.Bill,US T. Bond (10-year), Baa Corporate Bond,Real Estate,Gold*,S&P 500 (includes dividends)3,US Small cap (bottom decile) Cum Value,3-month T.Bill4,US T. Bond5, Baa Corporate Bond2,Real Estate2,Gold2,Stocks - Bills,Stocks - Bonds,Small Cap Premium (S&P 500 minus Bottom Decile),Stocks - Baa Corp Bond,Historical ERP,Inflation Rate,S&P 500 (includes dividends)2,US Small cap (bottom decile)22,3-month T. Bill (Real),!0-year T.Bonds,Baa Corp Bonds,Real Estate3,Gold,S&P 500 (includes dividends)3,US Small cap (bottom decile)22,3-month T.Bill4,US T. Bond5, Baa Corporate Bond2,Real Estate2,Gold2,Stocks minus T. Bills,Stocks minus T.Bonds
1928,0.43811155152887893,0.5991,0.0308,0.008354708589799302,0.03219551470232438,0.01491053677932408,0.0009689922480620172,143.8111551528879,159.91,103.08,100.83547085897993,103.21955147023243,101.49105367793241,100.09689922480621,0.40731155152887893,0.4297568429390796,0.16098844847112104,0.4059160368265545,Historical ERP,-0.0115607,0.45493157903462444,0.6178029343835276,0.042856147059308514,0.02014833747484457,0.04426798358009876,0.02678084206012854,0.012676238437769438,145.49315790346245,161.78029343835277,104.28561470593085,102.01483374748446,104.42679835800988,102.67808420601285,101.26762384377695,0.41207543197531593,0.4347832415597799
1929,-0.0829794661190966,-0.4661,0.0316,0.04203804156320426,0.03017856239904043,-0.020568070519098924,-0.0014520813165538327,131.8777822763307,85.375949,106.337328,105.074396573995,106.33456914507781,99.40357852882704,99.9515503875969,-0.1145794661190966,-0.12501750768230085,-0.3831205338809034,-0.11315802851813703,Historical ERP,0.005848,-0.08831102325510076,-0.4692040944556235,0.025602277878963742,0.03597963267134219,0.024189104515831783,-0.026262487492244357,-0.007257638645753572,132.64450825239172,85.8723173548454,106.95556399241065,105.68528999274699,106.95278909774547,99.98150230382483,100.53266002340472,-0.1139133011340645,-0.12429065592644295
1930,-0.25123636363636365,-0.5003,0.0455,0.045409314348970366,0.005397809464823829,-0.04299999999999993,0.0009694619486184664,98.74528781279727,42.66236171530001,111.17567642400002,109.84575287805193,106.90854288884708,95.12922465208749,100.04844961240309,-0.29673636363636363,-0.29664567798533403,-0.24906363636363632,-0.25663417310118747,Historical ERP,-0.0639535,-0.20007858972429649,-0.4661589995796148,0.11693169089356137,0.11683480932728285,0.07408959860949627,0.022385105868138133,0.0693586931296879,106.10518210658037,45.84216380512748,119.46205894051774,118.03301069774818,114.87687831216354,102.21959881775145,107.50547393947929,-0.31701028061785785,-0.31691339905157934
1931,-0.4383754889178619,-0.44659999999999994,0.0231,-0.02558855961942253,-0.15680775082667592,-0.08150470219435735,-0.17384987893462467,55.457773989527276,23.60935097324703,113.7438345493944,107.03495828159154,90.14445473428975,87.37574552683898,82.65503875968992,-0.4614754889178619,-0.41278692929843935,-0.008224511082138064,-0.28156773809118596,Historical ERP,-0.0931677,-0.3806743417915991,-0.38974383687038927,0.1282130113803841,0.07452220259531717,-0.07017841206877595,0.012861250978425165,-0.08897144371084342,65.71366174748013,27.97546299327621,134.77864926298244,126.829090633901,106.8150014087979,103.53427073306048,97.94055671626536,-0.5088873531719832,-0.45519654438691626
1932,-0.08642364532019696,0.20489999999999997,0.0107,0.08790306990477326,0.23589601675740196,-0.10466439135381123,0.21277842907385724,50.66491100000872,28.44690698766534,114.96089357907292,116.44365970167279,111.40917253887663,78.23061630218689,100.24224806201552,-0.09712364532019696,-0.17432671522497023,0.29132364532019694,-0.32231966207759893,Historical ERP,-0.1027397,0.01818430468817467,0.3428656099016081,0.12642897495854877,0.21247208853971733,0.3774107878810664,-0.002145075797749252,0.3516461489200595,66.90861899487196,37.56728717474572,151.81857573559907,153.77673240847906,147.12813524800953,103.31218187467337,132.38097630862674,-0.1082446702703741,-0.19428778385154266
1933,0.49982225433526023,1.4834,0.0096,0.01855272089185736,0.1296689369754826,-0.03811944091486652,0.2725954567423874,75.9883610317284,70.6450488131681,116.06451815743202,118.60400641974435,125.8554815113109,75.24850894632208,127.56782945736434,0.49022225433526023,0.48126953344340284,0.9835777456647399,0.37015331735977763,Historical ERP,0.007633600000000001,0.4884599464877515,1.4645863337625902,0.0019515030066485917,0.010836400147690162,0.12111082537887063,-0.04540642641816073,0.2629545667615565,99.59079944867646,92.58782256741293,152.1148501426122,155.4431186142616,164.94694514435008,98.62114489028137,167.19115858133355,0.4865084434811029,0.4776235463400613
1934,-0.011885656970912803,0.20010000000000003,0.0027833333333333334,0.0796344261796561,0.18816429268482648,0.029062087186261465,0.3175085453854918,75.0851894387234,84.78112308068303,116.38756439963687,128.04896841358894,149.53698917039497,77.43538767395627,168.07170542635657,-0.014668990304246137,-0.0915200831505689,0.21198565697091282,-0.2000499496557393,Historical ERP,0.0151515,-0.02663361771214723,0.18218807734609066,-0.012183567346023327,0.0635204953936983,0.17043051474073234,0.01370296668651072,0.29784425810875703,96.93833616851329,109.45621994663087,150.26154862156943,165.3169425141809,193.05893791021302,99.97254715329845,216.9880851713344,-0.014450050366123901,-0.09015411310584553
1935,0.4674042105263158,0.5318,0.001675,0.04472047729656613,0.1330773186567917,0.09765833726229745,0.004324012683770695,110.18032313054879,129.86772433499027,116.58251357000627,133.77537939837757,169.43697072920085,84.99759887945625,168.79844961240312,0.46572921052631583,0.42268373322974967,0.06439578947368424,0.33432689186952413,Historical ERP,0.029850699999999997,0.42487081916467706,0.4874000668252205,-0.027359014272651194,0.014438769907682891,0.10023454725698766,0.0658422014591995,-0.02478678444965776,138.12460646489038,162.80518886305478,146.15054076820124,167.70391580898482,212.4101131455581,106.55495974335525,211.60964827604855,0.45222983343732825,0.41043204925699417
1936,0.3194341027550261,0.9281999999999999,0.001725,0.0501787540454506,0.11383815871922703,0.03218601454670411,0.000861079219288019,145.3756757910145,250.41094606272824,116.78361840591452,140.4880612585456,188.72536349597664,87.73333283342535,168.9437984496124,0.3177091027550261,0.2692553487095755,0.6087658972449739,0.20559594403579906,Historical ERP,0.014492799999999998,0.30058498468892636,0.9006541988272365,-0.012585402281810154,0.03517615309389144,0.09792613483232904,0.017440453541616163,-0.013436981298154071,179.64278918430344,309.4363658034263,144.31117741892933,173.60309442592674,233.2106145252003,108.41332656838803,208.7662533896543,0.3131703869707365,0.2654088315950349
1937,-0.3533672875436554,-0.5328,0.002758333333333333,0.01379146059646038,-0.044161916839982614,0.025633912223270494,-0.0022942357327214724,94.00466756191786,116.99199400050662,117.10574655335085,142.42559681966594,180.39088968767183,89.98228138633235,168.55620155038758,-0.3561256208769887,-0.36715874814011573,-0.17943271245634468,-0.30920537070367277,Historical ERP,0.028571399999999997,-0.371329289871034,-0.5457777651604935,-0.025096037734149035,-0.014369385930368517,-0.07071294889200941,-0.002855890973372799,-0.03000825779593075,112.93615984604418,140.55287761584736,140.6895386649644,171.1085245634144,216.7196042592057,108.10370992764805,202.50154183884698,-0.34623325213688494,-0.35695990394066546
1938,0.29282654028436017,0.016,0.00065,0.04213248532204607,0.0923588171368742,-0.0087368136326752,0.0017246335153779935,121.53172913465568,118.86386590451473,117.18186528861054,148.42634118715418,197.05157888149355,89.19612296361703,168.84689922480618,0.2921765402843602,0.2506940549623141,-0.27682654028436016,0.20046772314748595,Historical ERP,-0.0277778,0.3297644718299584,0.04502859531493919,0.02924002352548616,0.07190772368913834,0.12356909473664968,0.019585014996905903,0.030345360880854155,150.1784929481787,146.88177626236154,144.80330408531776,183.41254906857654,243.49944956920072,110.2209227078022,208.6465242048762,0.3005244483044722,0.25785674814082005
1939,-0.010975646879756443,-0.057300000000000004,0.0004583333333333333,0.04412261394206067,0.0798313776534614,-0.013016072256937905,-0.012338593974175027,120.19783979098749,112.05296638818604,117.23557364353447,154.97529933818757,212.7824778923929,88.03513978208387,166.76356589147284,-0.011433980213089777,-0.05509826082181711,-0.046324353120243564,-0.09080702453321784,Historical ERP,0,-0.010975646879756495,-0.05730000000000002,0.00045833333333322734,0.04412261394206074,0.07983137765346138,-0.013016072256937905,-0.012338593974175027,148.53018684064548,138.4654504825282,144.86967226635684,191.50519016325862,262.93834608616953,108.78627921361108,206.07211945858933,-0.011433980213089723,-0.055098260821817235
1940,-0.10672873194221515,-0.3181,0.00035833333333333333,0.05402481596284551,0.08648137177582957,0.03306607685927565,-0.016560139453805967,107.36927676790187,76.40891778010405,117.27758305742339,163.34781136372007,231.18419847038714,90.94611648043534,164.0019379844961,-0.10708706527554848,-0.16075354790506066,-0.21137126805778483,-0.1932101037180447,Historical ERP,0.0071429,-0.1130640269044394,-0.3229361990239916,-0.006736448885919621,0.04654941812412661,0.07877578422667675,0.025739323445834295,-0.023534931789526592,131.73676579957333,93.74994420755583,143.8937651240146,200.41964533310852,283.6515205023729,111.58636444075906,201.22222618340825,-0.10632757801851977,-0.159613445028566
1941,-0.1277145557655955,-0.0554,0.0012916666666666669,-0.020221975848580105,0.05007172857275923,-0.08384627736444894,0,93.656657282616,72.17586373508628,117.42906660220589,160.0445958674045,242.75999090650726,83.32062317279727,164.0019379844961,-0.12900622243226217,-0.10749257991701541,0.0723145557655955,-0.17778628433835475,Historical ERP,0.09929080000000001,-0.2065016424822217,-0.14071872519991968,-0.08914759709926912,-0.10871807154993018,-0.04477347707016255,-0.1665956609156093,-0.09032259707804335,104.53290728666568,80.55757157110497,131.0659817256421,178.630407991772,270.95145565324316,92.99656030758076,183.04731212469736,-0.11735404538295258,-0.09778357093229151
1942,0.19173762945914843,0.6179,0.003425,0.022948682374484164,0.051799010426587015,0.03333041217538635,0,111.61416273305268,116.7733299369961,117.83126115531844,163.71740846371824,255.3347182066316,86.09773388585666,164.0019379844961,0.18831262945914842,0.16878894708466427,0.4261623705408516,0.1399386190325614,Historical ERP,0.0903226,0.09301378276406314,0.4838727547241526,-0.07969898083374582,-0.0617926452460178,-0.035332285667941665,-0.05227094056806081,-0.08284025296733277,114.25590841672354,119.53718564110362,120.62015656013408,167.592362560585,261.3781214199581,88.13554263070912,167.88362648329712,0.17271276359780896,0.15480642801008093
1943,0.25061310133060394,1.3797,0.0038,0.0249,0.08044670060105924,0.11446259964945993,0,139.5861342080017,277.8854932510696,118.27901994770866,167.79397193446482,275.8755538352563,95.95270433035921,164.0019379844961,0.24681310133060394,0.22571310133060393,1.129086898669396,0.1701664007295447,Historical ERP,0.0295858,0.214675941850212,1.3113178134352665,-0.02504482870684499,-0.004551150569481521,0.04939938041206404,0.08243781105902959,-0.02873563330030382,138.78390316803524,276.28842654020116,117.59924540049269,166.82962448427665,274.2900386713733,95.40124384168458,163.05938415554792,0.23972077055705698,0.21922709241969351
1944,0.1903067694944301,0.6973,0.0038,0.025776111579070303,0.0656586358825617,0.16584227481419478,0,166.15032047534245,471.6550476950404,118.72848022350996,172.11904807734297,293.98916637342546,111.86571909107982,164.0019379844961,0.1865067694944301,0.16453065791535978,0.50699323050557,0.1246481336118684,Historical ERP,0.0229885,0.1635583093010624,0.6591584362874068,-0.01875729785818714,0.0027249686375458992,0.04171125665885933,0.13964357841187325,-0.022471904620628758,161.48316372840145,458.4062737427482,115.3934013266176,167.28422997880986,285.7310208733634,108.7234149166811,159.39512922730597,0.18231560715924955,0.1608333406635165
1945,0.358210843373494,0.9109,0.0038,0.03804417341923723,0.06799865477817886,0.11777376471356127,0.025406203840472763,225.6671668995912,901.2856306404527,119.1796484483593,178.66717499115143,313.9800342061766,125.040565970826,168.16860465116278,0.354410843373494,0.3201666699542568,0.552689156626506,0.29021218859531517,Historical ERP,0.0224719,0.3283600687446706,0.8689022162858462,-0.018261528752037015,0.015230025802408065,0.044526167201444755,0.09320731915817082,0.002869813674559518,214.50778647136624,856.7165009571585,113.28614141049623,169.8319731177231,298.4535280834103,118.85723295078643,159.85256354882068,0.3466215974967076,0.31313004294226254
1946,-0.08429147465437781,-0.1532,0.0038,0.031283745375695685,0.025080329773195936,0.2410168567758013,0,206.64534862054904,763.2086720263353,119.63253111246307,184.2565534005695,321.8547570062668,155.1774501505817,168.16860465116278,-0.0880914746543778,-0.11557522003007349,-0.0689085253456222,-0.10937180442757374,Historical ERP,0.1813187,-0.22484209777969133,-0.28317396482422574,-0.15027164134454152,-0.12700633167349695,-0.13225759503070944,0.050535183076168444,-0.15348838547971855,166.27740577106616,614.1166926507823,96.26244699915112,148.26223721116915,258.9807822306681,124.86370497788121,135.3170516549181,-0.07457045643514981,-0.09783576610619438
1947,0.052,-0.0096,0.006008333333333333,0.009196968062832236,0.0026212022665691934,0.2126388104648973,0,217.3909067488176,755.8818687748825,120.35132323689713,185.95115503756207,322.69840342483775,188.1741985615773,168.16860465116278,0.04599166666666667,0.042803031937167765,-0.061599999999999995,0.049378797733430804,Historical ERP,0.08837210000000001,-0.033418809614836564,-0.0900170998503177,-0.07567610991375706,-0.07274638144175838,-0.07878821749788578,0.11417667768670059,-0.08119658708634658,160.72061280435398,558.83568900869,88.97767947947615,137.47669594959697,238.57614803250564,139.12022797590802,124.32976888595188,0.0422573002989205,0.039327571826921814
1948,0.057045751633986834,-0.0070999999999999995,0.01045,0.019510369413175046,0.03436959560510321,0.020585153855108507,0,229.79213442269784,750.5151075065809,121.6089945647227,189.5791307651515,333.7894170529618,192.0477933905291,168.16860465116278,0.04659575163398683,0.03753538222081179,-0.06414575163398684,0.02267615602888362,Historical ERP,0.0299145,0.026343207745872954,-0.03593939108537658,-0.01889914162777584,-0.010101936215894614,0.004325694613585007,-0.009058369549017509,-0.02904561495153246,164.9545092965031,538.7514746289409,87.29607771328268,136.0879151359422,239.60815559097972,137.86002553915867,120.7185342918775,0.045242349373648794,0.03644514396176757
1949,0.18303223684210526,0.2722,0.01115,0.04663485182797314,0.053773011179658936,0.0008934851624431417,-0.08700662633246903,271.851502794806,954.8053197698722,122.96493485411936,198.42012543806027,351.7382791078026,192.2193852444035,153.53682170542635,0.17188223684210527,0.13639738501413212,0.08916776315789474,0.12925922566244633,Historical ERP,-0.0207469,0.20809649399333563,0.29915340579468164,0.0325726821799186,0.06880933216139229,0.07609872379230564,0.02209886817048945,-0.06766353492520882,199.2809643494965,699.9208131410956,90.13954510819092,145.45203369168263,257.84203044168146,140.90657606952885,112.55029153069903,0.17552381181341703,0.13928716183194334
1950,0.30805539011316263,0.5278,0.012033333333333333,0.00429595741710961,0.042388173056720914,0.03640392529281433,0.09561375828337004,355.5968235411095,1458.7515675444108,124.4446129035306,199.2725298476397,366.64782215329734,199.21692538467147,168.21705426356587,0.2960220567798293,0.30375943269605304,0.21974460988683742,0.2656672170564417,Historical ERP,0.059322,0.23480432778056382,0.4422432461517838,-0.044640502761829515,-0.051944585860475456,-0.015985533145992714,-0.02163466321589258,0.034259420915802696,246.0729972230425,1009.4560655938097,86.11567049583866,137.89658803900426,253.7202881176259,137.85810975136005,116.40619934244555,0.27944483054239333,0.28674891364103927
1951,0.2367846304454234,0.0392,0.015175000000000001,-0.0029531392208319886,-0.001909809130136969,0.060476481368356705,0,439.7966859908575,1515.9346289921516,126.33305990434167,198.68405032411223,365.94759479500414,211.26486406095887,168.21705426356587,0.2216096304454234,0.23973776966625537,-0.1975846304454234,0.23869443957556036,Historical ERP,0.06,0.16677795325039924,-0.019622641509434158,-0.04228773584905676,-0.05938975398191704,-0.058405480311449987,0.0004495107248647656,-0.05660377358490576,287.1125480500927,989.6478710991386,82.47403376944622,129.70694360042202,238.90163282535647,137.92007845020288,109.81716919098635,0.209065689099456,0.22616770723231627
1952,0.18150988641144306,0.011899999999999999,0.017225,0.022679961918305656,0.04441241504740077,0.044066820276497776,-0.003456221198156584,519.6241325091871,1533.9742510771582,128.50914686119395,203.19019701923781,382.2002112606379,220.57463485627187,167.63565891472868,0.16428488641144307,0.1588299244931374,-0.16960988641144306,0.1370974713640423,Historical ERP,0.0075472,0.172659589954141,0.0043201946271103076,0.009605306828305293,0.015019407446425825,0.0365890700181597,0.03624606398240959,-0.010920998240237956,336.6852828671103,993.9233425145923,83.26622216916977,131.65506503498733,247.64282139625612,142.9191384381679,108.61785607950367,0.1630542831258357,0.15764018250771517
1953,-0.012082047421904465,-0.057999999999999996,0.018908333333333333,0.04143840258908851,0.016201123818443276,0.11516568544995809,0.006936416184971206,513.3460090986451,1445.003744514683,130.93904064642769,211.61007420547722,388.3922842067066,245.97726387236864,168.79844961240312,-0.030990380755237797,-0.05352045001099298,-0.04591795257809553,-0.02828317124034774,Historical ERP,0.007490599999999999,-0.01942712658748813,-0.06500368340905605,0.011332843535545978,0.03369540379740377,0.00864576187454591,0.10687453108739486,-0.0005500635093058648,330.1444552567067,929.3146642249029,84.20986523680898,136.0912356133147,249.78388225998887,158.19355434216155,108.5581093604153,-0.03075997012303411,-0.0531225303848919
1954,0.525633212414349,0.639,0.0093752,0.032898034558095555,0.061579051817707856,0.009227220299884653,0.0057405281285876075,783.1777209412517,2368.361137259565,132.16662034029608,218.57162973953018,412.3091128014694,248.24695027488184,169.76744186046508,0.516258012414349,0.4927351778562535,0.113366787585651,0.4640541605966412,Historical ERP,-0.0074348999999999995,0.5370611080465644,0.6512770799618082,0.016936017597233732,0.04063505210700602,0.06953090715934707,0.016786929441589882,0.013274119882501934,507.452202212303,1534.5560051069858,85.63604499632025,141.62131006376856,267.15158218730943,160.84913837701774,109.9991227182832,0.5201250904493306,0.49642605593955835
1955,0.3259733185102835,0.2709,0.017243426294820716,-0.013364391288618781,0.02044690004344954,0,-0.00028538812785383616,1038.4727616197922,3009.950169343181,134.4456257167695,215.65055295509998,420.7395560179244,248.24695027488184,169.718992248062,0.30872989221546276,0.33933770979890227,-0.05507331851028352,0.3055264184668339,Historical ERP,0.0037452999999999996,0.3210256810271326,0.26615785897079647,0.01344776039780271,-0.017045849468604102,0.016639280944527934,-0.0037313250682220467,-0.0040156483202002935,670.3573910162257,1942.9901458970398,86.78765801084622,139.20725453087505,271.5967924180992,160.24895795478966,109.55740492591602,0.30757792062932987,0.3380715304957367
1956,0.07439511873350935,-0.009899999999999999,0.026213888888888887,-0.022557738173154165,-0.023526541979620903,0.00914285714285712,-0.0011418783899515006,1115.730066022012,2980.1516626666835,137.96996841090606,210.7859642446429,410.8410091907816,250.51663667739504,169.52519379844958,0.04818122984462046,0.09695285690666351,-0.08429511873350934,0.09792166071313024,Historical ERP,0.029850699999999997,0.04325327810478674,-0.03859850753123717,-0.0035313964549530397,-0.05088935529504823,-0.0518300778740266,-0.02010761643133585,-0.030094244136505854,699.3525456794498,1867.9936261175133,86.48117638301304,132.12308709540514,257.51990951673326,157.02673337471347,106.26035763511346,0.04678467455973978,0.09414263339983497
1957,-0.1045736018855796,-0.1525,0.03224566929133858,0.0679701284662499,-0.007189284402542365,0.027180067950169917,-0.0011431837667904565,999.0541542860545,2525.6785341100144,142.4189023844206,225.11311331323367,407.88735633148156,257.32569588493465,169.3313953488372,-0.13681927117691817,-0.17254373035182952,-0.0479263981144204,-0.09738431748303723,Historical ERP,0.0289855,-0.1297968745775132,-0.17637323363643131,0.003168333558965175,0.03788647018471081,-0.035155776638779224,-0.001754574821346111,-0.02927998865561332,608.5787710224297,1538.5295498669245,86.75517759636612,137.12876449535716,248.46659709772436,156.75121822205597,103.14905556901593,-0.13296520813647839,-0.16768334476222402
1958,0.43719954988747184,0.6934999999999999,0.017665461847389558,-0.020990181755274694,0.06430092897336026,0.006615214994487362,0.0042918454935620964,1435.8401808531264,4277.236597515309,144.93479807083966,220.38794814929315,434.1148922600838,259.02796068681954,170.05813953488368,0.4195340880400823,0.4581897316427465,0.25630045011252806,0.3728986209141116,Historical ERP,0.0176056,0.41233455268669106,0.6642007473229312,5.882617724339845e-05,-0.03792803592597627,0.045887452833750286,-0.010800240294975394,-0.013083413167574887,859.5168263465794,2560.4220266669486,86.76028107182019,131.92773978909253,259.8680963528086,155.05826739872765,101.79951385716136,0.41227572650944766,0.4502625886126673
1959,0.12056457163557326,0.1274,0.0338601593625498,-0.026466312591385065,0.015743430895022732,0.0010952902519167917,0,1608.9516371948275,4822.156540038759,149.84231343069726,214.55509182219998,440.94935006688075,259.3116714871337,170.05813953488368,0.08670441227302345,0.1470308842269583,0.006835428364426757,0.10482114074055052,Historical ERP,0.017301,0.1015073922423877,0.10822657207650432,0.01627754161506756,-0.04302297215021422,-0.0015310798917697044,-0.015930103035466603,-0.017006765942430002,946.7641379774739,2837.5277256822883,88.1725251575017,126.25181631430569,259.47021753597033,152.588173222565,100.06823335193945,0.08522985062732014,0.14453036439260192
1960,0.00336535314743695,-0.0349,0.028729718875502006,0.11639503690963365,0.06663187163303434,0.007658643326039272,0.004843304843304974,1614.366327651135,4653.863276791406,154.14724097121606,239.52823965399477,470.33063055720703,261.2976470893327,170.8817829457364,-0.025364365728065056,-0.1130296837621967,-0.038265353147436953,-0.06326651848559739,0.061119788031217315,0.0136054,-0.010102596979616685,-0.04785432279662294,0.014921308504771025,0.10140991445944691,0.05231470908998137,-0.005866934680853975,-0.008644483500872324,937.1993614567333,2701.7397579531207,89.48817460702146,139.05500220708922,273.0443264838788,151.69294837719738,99.20319515976718,-0.02502390548438771,-0.1115125114390636
1961,0.2663771295818275,0.2983,0.023524899598393576,0.020609208076323167,0.051,0.009771986970684043,-0.0005670541536717533,2044.3965961044005,6042.110692258282,157.77353933843332,244.46472698517934,494.31749271562455,263.85104429216005,170.7848837209302,0.24285222998343395,0.24576792150550436,0.03192287041817249,0.21537712958182753,0.06617359182997262,0.006711399999999999,0.25793462712533866,0.2896446787033504,0.01670140975695089,0.013805156151329268,0.04399334307727121,0.003040183085921244,-0.0072299311934599375,1178.9355292961814,3484.2843020855203,90.98275327953489,140.9746782261815,285.05645921418653,152.15412271310726,98.48596288459068,0.24123321736838776,0.2441294709740094
1962,-0.08811460517120888,-0.09759999999999999,0.027723694779116466,0.05693544054008462,0.06495327993606576,0.003225806451612634,-0.0005673758865248901,1864.2553972252979,5452.400688693873,162.14760478727297,258.383433912592,526.4250351972767,264.70217669310244,170.687984496124,-0.11583829995032535,-0.14505004571129348,-0.009485394828791113,-0.15306788510727465,0.05968346537898994,0.0133333,-0.10011306760688599,-0.10947365491689653,0.014201047946530876,0.04302842957996611,0.05094077134943231,-0.009974500540332887,-0.013717772707681597,1060.9086769475928,3102.84696476665,92.27480372116496,147.04059724079514,299.5774551246952,150.6364613338915,97.1349548308427,-0.11431411555341686,-0.1431414971868521
1963,0.22611927099841514,0.1993,0.03156024096385542,0.016841620739546127,0.054644805711862345,0.02143622722400873,-0.003973885892704865,2285.7994686007432,6539.064145950562,167.2650222660713,262.7350297119295,555.1914289674921,270.3763926993855,170.00968992248062,0.1945590300345597,0.20927765025886902,-0.026819270998415135,0.1714744652865528,0.06361899391151482,0.0164474,0.20627911586808634,0.17989381447579067,0.014868296149761706,0.0003878417511284926,0.03757932354577531,0.004908101711912138,-0.020090843749223986,1279.7519808451234,3661.029940993152,93.64677283005237,147.097625723516,310.83537323784606,151.37580040764075,95.18343163074832,0.19141081971832463,0.20589127411695785
1964,0.16415455878432425,0.23149999999999998,0.035457370517928286,0.037280648911540815,0.05161739272285027,0.012591815320041944,0.00028498147620403813,2661.023871838341,8052.857495738118,173.1958001352489,272.5299621113832,583.8489629928675,273.7809223031553,170.0581395348837,0.12869718826639598,0.12687390987278344,0.06734544121567573,0.11253716606147399,0.06526777744265821,0.0097087,0.15296080818588997,0.21965869958335515,0.025501088103854208,0.02730683504216702,0.04150572608005687,0.002855393164426401,-0.009333106195674068,1475.503878112687,4465.207016967435,96.03486743463316,151.11439632424248,323.73682109544836,151.8080378333843,94.29507455526986,0.12745972008203577,0.12565397314372295
1965,0.12399242477876114,0.45659999999999995,0.03949076305220883,0.007188550935926234,0.03190009462253881,0.01658031088082912,0.0005698005698004938,2990.9706741017444,11729.79222829214,180.03543444002773,274.48905762558695,602.4738001576111,278.32029510818177,170.1550387596899,0.08450166172655231,0.11680387384283492,0.3326075752212388,0.09209233015622234,0.06661794168987445,0.0192308,0.10278498724603002,0.42911693798892236,0.019877698998312043,-0.011815036460901651,0.012430250952520927,-0.0026004798120022876,-0.01830890454860623,1627.1635254059674,6381.302979575151,97.94381962284159,149.32897422190442,327.76095102423614,151.4132640956989,92.56863503583372,0.08290728824771798,0.11460002370693168
1966,-0.0997095423563779,-0.0949,0.048557199999999995,0.029079409324299622,-0.03445361597577637,0.012232415902140525,0.0002847380410024858,2692.7423569857124,10616.634945827216,188.77745103721907,282.47103728732264,581.7163992115142,281.72482471195156,170.20348837209303,-0.14826674235637788,-0.12878895168067753,0.004809542356377899,-0.06525592638060153,0.061123719679815336,0.0345912,-0.12981044334842384,-0.12516170638219226,0.013499051606083778,-0.005327505855163173,-0.06673632636327886,-0.021611225861827732,-0.03315943723375714,1415.9407067726345,5582.608209709757,99.26596829842728,148.5334232373917,305.8873892275441,148.1410378468502,89.49911119254843,-0.14330949495450762,-0.12448293749326067
1967,0.23802966513133328,1.1679000000000002,0.04293453815261044,-0.015806209932824666,0.008952266148446825,0.023162134944612278,-0.005123825789923098,3333.6949185039784,23015.802899058825,196.8825237111291,278.0062407720165,586.9240792401719,288.250173119177,169.33139534883722,0.19509512697872283,0.25383587506415795,0.9298703348686669,0.22907739898288645,0.06573283877673952,0.030395099999999998,0.20150965889815775,1.1039502225893743,0.012169543656225246,-0.044838441033759446,-0.020810302622317534,-0.007019603504896055,-0.034471171097303466,1701.2664356144044,11745.52978544811,100.47398983321247,141.87341609801948,299.52178008936824,147.10114649836152,86.4139720175735,0.1893401152419325,0.2463480999319172
1968,0.10814862651601535,0.607,0.053376,0.032746196950768365,0.04845146224309746,0.04133858267716528,0.12474964234620889,3694.2294451636035,36986.39525878753,207.39132529673435,287.1098878858797,615.3614091050417,300.16602673237134,190.45542635658916,0.05477262651601535,0.07540242956524698,0.4988513734839846,0.059697164272917894,0.06596627828748769,0.0471976,0.05820394022676845,0.5345718897751484,0.005899937127434196,-0.013800072736255053,0.0011973501878703718,-0.00559494915079517,0.07405674186629985,1800.2868455427126,18024.3598392654,101.06678005617088,139.91555263652583,299.88041254902953,146.27812306367952,92.8135092369206,0.05230400309933425,0.0720040129630235
1969,-0.08241371076449064,-0.33049999999999996,0.06668467741935484,-0.050140493209926106,-0.02025164250792147,0.06994328922495274,0.05011447468837438,3389.7742881722256,24762.391625758253,221.22114892371957,272.7140565018351,602.8993298346757,321.16062595561846,200,-0.14909838818384546,-0.03227321755456453,-0.24808628923550932,-0.06216206825656917,0.06333387273419877,0.0619718,-0.13595983505822917,-0.3695689471227014,0.004437855524369594,-0.10556993435223616,-0.0774252597930769,0.007506309701399427,-0.011165386229300633,1555.5201429652257,11363.116150907383,101.51529982437341,125.14467692983095,276.66209370056583,147.37613195793492,91.77721055899362,-0.14039769058259877,-0.03038990070599301
1970,0.03561144905496419,-0.19,0.06391,0.16754737183412338,0.05649567656988873,0.08215547703180204,-0.09447674418604646,3510.489062543298,20057.537216864188,235.35939255143447,318.4065799309402,636.9605353772182,347.5457303848344,181.1046511627907,-0.028298550945035805,-0.1319359227791592,-0.2256114490549642,-0.02088422751492454,0.05897256666631501,0.0557029,-0.019031349582383283,-0.23273868055112845,0.0077740621911712715,0.10594313213890327,0.000750946663013563,0.02505683846449802,-0.14225559500314577,1525.9164953420157,8718.479490995982,102.30448607856349,138.40289597428838,276.8698521766126,151.06891188992745,78.72138886319499,-0.026805411773554555,-0.12497448172128656
1971,0.14221150298426474,0.1649,0.0433425702811245,0.09786896619712297,0.1400146617421994,0.0424489795918368,0.1669341894060994,4009.720988337403,23365.025103925094,245.5604735644178,349.56870273914296,726.1443492811896,362.29869200117025,211.33720930232556,0.09886893270314023,0.04434253678714177,0.02268849701573525,0.002196841242065345,0.05866063680987854,0.0326633,0.10608317636955311,0.12805403271327642,0.010341483309346255,0.06314320088369851,0.10395582155597016,0.009476157031858001,0.13002388039363777,1687.7905640425931,9834.91594894601,103.36246621381619,147.1420978376785,305.65208512371237,152.5004646216283,88.9570493131641,0.09574169306020686,0.0429399754858546
1972,0.18755362915074925,0.0026,0.0406184,0.02818449050444969,0.11409093579389698,0.029757243539545897,0.4878496102705183,4761.7587115820115,23425.774169195298,255.53474710384677,359.42111852214714,808.990837612131,373.079702413108,314.43798449612405,0.14693522915074925,0.15936913864629956,-0.18495362915074925,0.07346269335685227,0.06080430372818957,0.0340633,0.14843417143877868,-0.030426860715393356,0.006339167050992023,-0.0056851543764778745,0.07739142835249746,-0.004164209734988211,0.43883803851323067,1938.3163579784443,9535.67033121983,104.01769815394809,146.30557229619248,329.3069365703556,151.8654207022607,127.99478634567778,0.14209500438778666,0.15411932581525656
1973,-0.14308047437526472,-0.38630000000000003,0.07035443548387096,0.036586646024150085,0.043180404854323576,0.034220532319391594,0.7295839753466871,4080.444016268308,14376.397607635152,273.51274998285163,372.57113175912104,843.9233895036613,385.84668842724477,543.8468992248062,-0.21343490985913569,-0.1796671203994148,-0.2432195256247353,-0.18626087922958828,0.054960045718843054,0.0870588,-0.21170821152937158,-0.4354491219794183,-0.015366569422122445,-0.04643001277929948,-0.04036432541245838,-0.04860663257646092,0.5910675442273103,1527.9588684527027,5383.371058004966,102.41930297413607,139.51260270479753,316.01468422205,144.48375399711625,203.64835038491682,-0.19634164210724914,-0.1652781987500721
1974,-0.2590178575089697,-0.2681,0.07845783132530121,0.019886086932378574,-0.04380719797719167,0.10073529411764692,0.6614699331848553,3023.5361494891954,10522.085409028168,294.9719671863255,379.98011367377757,806.9534705020917,424.71506807028334,903.5852713178294,-0.3374756888342709,-0.2789039444413483,-0.009082142491030287,-0.21521065953177804,0.046417018581159875,0.1233766,-0.34039738544399956,-0.34848206736725695,-0.03998549433440113,-0.09212450487897073,-0.1488225747066404,-0.020154688892712547,0.4789963874847092,1007.8456645654306,3507.362782306338,98.32401651533044,126.6600732562415,268.9845652710186,141.57172888525315,301.19517453651224,-0.30041189110959843,-0.24827288056502883
1975,0.36995137106184356,0.5935,0.05786385542168675,0.03605253602603384,0.11049964074144952,0.06773709374926429,-0.24798927613941024,4142.097493447771,16766.94309928639,312.0401824490456,393.6793604111778,896.1215390876388,453.4840324528853,679.5058139534883,0.3120875156401568,0.33389883503580975,0.22354862893815647,0.25945173032039404,0.051706756781676244,0.0693642,0.2810896148027431,0.4901377846761654,-0.01075437589767203,-0.031150906280541624,0.038467194564255625,-0.001521564169378209,-0.29676837520782007,1291.1406141987422,5226.453806481598,97.26660308195567,122.71449718474979,279.33164687808056,141.35631841518443,211.80997196887571,0.2918439907004151,0.3122405210832847
1976,0.23830999002106662,0.4851,0.049766000000000005,0.1598456074290921,0.19752813987098014,0.08177834856840671,-0.04099821746880572,5129.200705777594,24900.587196750217,327.56917416880475,456.607276908399,1073.1307598019398,490.569207729024,651.6472868217054,0.18854399002106662,0.07846438259197452,0.24679000997893336,0.04078185015008648,0.05219658803895011,0.0486486,0.1808626741322752,0.4162036739475934,0.0010655619051034293,0.10603838829241008,0.1419727636798258,0.031592802935517916,-0.08548794845938446,1524.659758363515,7401.723082456623,97.37024666883862,135.72694468633415,318.98913276859884,145.82216072656567,193.70277200201681,0.17979711222717176,0.07482428583986511
1977,-0.06979704075935232,0.30670000000000003,0.05260963855421687,0.012899606071070449,0.09954662852090639,0.14654841300324728,0.2263940520446095,4771.197675053536,32537.597289993508,344.8024700233289,462.49733090970153,1179.9573089023015,562.4613465899728,799.1763565891472,-0.12240667931356919,-0.08269664683042277,0.37649704075935236,-0.1693436692802587,0.04926676135704655,0.06701030000000001,-0.12821557651257187,0.22463672562486048,-0.013496272196981574,-0.050712438229443046,0.030492984482817453,0.0745429664580064,0.1493741457271871,1329.1746284594185,9064.421919681628,96.05611131590874,128.8439003878574,328.7160634442991,156.69217716244006,222.63695809480618,-0.1147193043155903,-0.07750313828312883
1978,0.0650928391167193,0.2932,0.07178306451612904,-0.007775806907508648,0.03137584977169086,0.15723596053112443,0.3701121551985451,5081.768477709861,42077.62081541961,369.5534479743342,458.9010409693096,1216.979472163429,650.9004966826768,1094.9612403100775,-0.0066902253994097355,0.07286864602422795,0.2281071608832807,0.03371698934502844,0.04974189891320324,0.0901771,-0.023009344888349492,0.1862292832971819,-0.016872520514209066,-0.08985045357080856,-0.05393733754663266,0.06151189612323038,0.25677943079023136,1298.591191016352,10752.482717287205,94.43540260721592,117.26721749817632,310.9859941733036,166.3306100873789,279.8055494672591,-0.006136824374140426,0.06684110868245907
1979,0.18519490167516386,0.41969999999999996,0.10054274193548388,0.006707203124723546,-0.020091101436615355,0.13742466907023854,1.2654867256637168,6022.886091275286,59737.598271651215,406.7093649253859,461.9789834652378,1192.5290141419148,740.3502820369475,2480.6201550387595,0.08465215973967999,0.17848769855044033,0.2345050983248361,0.20528600311177922,0.052132252828986925,0.13293939999999999,0.046123827695606634,0.2531120375900071,-0.02859522589161967,-0.111420078492527,-0.13507386311802316,0.003958966446253598,0.9996539317669744,1358.487187357823,13474.065527011106,91.73500093749654,104.20129491992928,268.9799145647164,166.98910739169972,559.5142671224232,0.0747190535872263,0.15754390618813363
1980,0.3173524550676301,0.4241,0.1139188,-0.02989744251999403,-0.033156783371910456,0.07396867263598716,0.15185546875,7934.263778934181,85072.31369865849,453.04120772644796,448.16699336164055,1152.9885879552935,795.1130096848992,2857.315891472868,0.20343365506763011,0.34724989758762415,0.10674754493236988,0.35050923843954057,0.05731870525758964,0.125163,0.17081032265336682,0.26568328322207546,-0.009993396512327446,-0.1378115371017301,-0.14070830926000089,-0.04549947639943075,0.023723201660559523,1590.5308221508774,17053.8994945768,90.81825669906941,89.84115429902313,231.13220556141567,159.39119044096907,572.7877369133287,0.18080371916569427,0.30862185975509693
1981,-0.04702390247495576,-0.0414,0.14036184738955823,0.08199215335892354,0.08462399480891206,0.050950062475763724,-0.3259855871131836,7561.163732783006,81550.31991153402,516.6309085865288,484.91317021175587,1250.559088237157,835.6240672036374,1925.8720930232555,-0.187385749864514,-0.12901605583387932,0.005623902474955762,-0.13164789728386783,0.05373099046864449,0.0892236,-0.12508680722209453,-0.11992358593772656,0.04694926495308982,-0.00663908369326216,-0.004222829170326348,-0.03513836601064857,-0.3811973841855645,1391.576399819691,15008.734712965566,95.08210709541174,89.24469135653264,230.15617374156906,153.7904444523813,354.44254990839846,-0.17203607217518435,-0.11844772352883237
1982,0.20419055079559353,0.2711,0.10603413654618475,0.32814549486295586,0.2905245565590866,0.005637209683701183,0.15622641509433977,9105.081920035633,103658.6116395509,571.4114208915723,644.0352424164572,1613.8772127981929,840.3346552872115,2226.7441860465115,0.09815641424940878,-0.12395494406736232,0.06690944920440647,-0.08633400576349307,0.05103868869213968,0.0382979,0.1597736553214577,0.22421513132213788,0.0652377670668356,0.2791564876158912,0.24292320783764132,-0.03145599188469794,0.11357868979060792,1613.9136478779574,18373.92013761227,101.28505145032614,114.15792593398658,286.06644977050854,148.9528134797431,394.6996703330365,0.09453588825462211,-0.11938283229443347
1983,0.22337155858930619,0.3586,0.0861764,0.032002094451429264,0.16194289622798344,0.04749480207101797,-0.16797214969538743,11138.898259597305,140830.58977349385,620.6536000628929,664.6457190743178,1875.2331627950778,880.2461834134947,1852.7131782945733,0.1371951585893062,0.19136946413787692,0.1352284414106938,0.061428662361322744,0.05340283065456397,0.0379098,0.17868774202662507,0.30897694578083756,0.04650365571266413,-0.00569192578061295,0.11950277011353339,0.009234908535421749,-0.1983620828085325,1902.3002334432233,24051.037863752736,105.99517661181157,113.50814749230162,320.25218295462827,150.32837908832227,316.4062216419342,0.13218408631396095,0.18437966780723802
1984,0.0614614199963621,-0.1452,0.09540281124497993,0.13733364344102345,0.15619207332454216,0.04678134973145487,-0.193776150627615,11823.510763827162,120381.98813838254,679.8656983182103,755.9239372722727,2168.1297184589794,921.4252879695398,1493.7015503875966,-0.03394139124861783,-0.07587222344466135,-0.2066614199963621,-0.09473065332818006,0.05121212631805139,0.0394867,0.02113997225396158,-0.17767105630115332,0.05379204105736002,0.09413005807676367,0.11227211788716684,0.0070175498459525976,-0.2244019578390133,1942.5148075969178,19777.86456136075,111.69687350399627,124.19267600793782,356.2075737929328,151.38331598183584,245.4040460330394,-0.03265206880339844,-0.07299008582280209
1985,0.3123514948576895,0.2514,0.07471129032258064,0.2571248821260641,0.23862641849916477,0.07471371207614519,0.0600064871878041,15516.60202537456,150646.01995637192,730.6593418856262,950.2907905396761,2685.5027480164476,990.2683916345752,1583.333333333333,0.23764020453510884,0.05522661273162538,-0.06095149485768947,0.07372507635852471,0.05128436510258161,0.0379867,0.26432399842665566,0.20560311610929127,0.03538059815465888,0.21111848747779138,0.1932970032266932,0.03538293128047321,0.0212139396273614,2455.9680885439207,23844.255145164043,115.64877570057293,150.41204592255303,425.06143033375787,156.7397014482313,250.61003264989452,0.22894340027199678,0.053205510948864276
1986,0.18494578758046187,0.0216,0.059692800000000004,0.24284215141767618,0.21354060117746398,0.09612357509816483,0.18956548347613222,18386.332207530046,153899.97398742958,774.2744438489366,1181.0614505867354,3258.966619291611,1085.4565297452002,1883.4786821705422,0.12525298758046188,-0.057896363837214304,-0.16334578758046187,-0.02859481359700211,0.04966356559973906,0.010979000000000001,0.17207754817900445,0.010505658376682492,0.04818477930797771,0.22934517078759908,0.20036182866059904,0.08421992454656801,0.17664707523710388,2878.5850556264345,24094.75474396559,121.22128643494285,184.90832228317316,510.2275158085194,169.94030727765295,294.8795619425735,0.12389276887102674,-0.05726762260859464
1987,0.05812721641821871,-0.14029999999999998,0.0577736,-0.04960508937926228,0.028125853555458283,0.07849387703572619,0.24527331189710622,19455.07851889441,132307.8076369932,819.0070658580875,1122.4747917679792,3350.6278371679336,1170.658221118646,2345.4457364341083,0.0003536164182187107,0.107732305797481,-0.1984272164182187,0.03000136286276043,0.05069359043750721,0.0443439,0.013198062839471447,-0.1768037329465898,0.012859461332612732,-0.0899598201121895,-0.01552941176229572,0.03269993441406238,0.1923977455099859,2916.5768020793557,19834.71216079992,122.78012688054257,168.27400287333214,502.3039826230756,175.4973441799378,351.61372485729686,0.0003386015068587156,0.10315788295166095
1988,0.16537192812044688,0.17370000000000002,0.0666844,0.08223595843484167,0.14382285179475657,0.07221035380878682,-0.1525511258004545,22672.402365298665,155289.67382353893,873.6220606405944,1214.7825820879684,3832.524688012323,1255.1918654547885,1987.645348837209,0.09868752812044687,0.0831359696856052,0.008328071879553145,0.02154907632569031,0.051199933578993884,0.0441941,0.11604914078756723,0.12402473831254168,0.02153842853546095,0.03643178833785976,0.0954120999101189,0.026830503839072595,-0.18841825078350316,3255.0430340016155,22294.70714604772,125.42461786893396,174.40452572877777,550.2298603983592,180.20602634670468,285.363281868213,0.09451071225210628,0.07961735244970747
1989,0.31475183638196724,0.0695,0.08111560000000001,0.17693647159446219,0.1594897490135725,0.04394284700519946,-0.028397318708104802,29808.58264496728,166082.3061542749,944.4864382626926,1429.7219259170236,4443.773088591729,1310.3485695606391,1931.2015503875966,0.23363623638196723,0.13781536478750506,-0.24525183638196724,0.15526208736839475,0.05240982169336883,0.04647300000000001,0.25636479525221123,0.022004389984261463,0.033104150799877274,0.12466969677618267,0.10799776870838751,-0.0024177909939392395,-0.0715453898075773,4089.5214749505762,22785.288576674255,129.57669333288413,196.14748506777843,609.6534575981095,179.77032583915005,264.94685463018214,0.22326064445233396,0.13169509847602856
1990,-0.03064451612903212,-0.2792,0.0749648,0.06235375333553336,0.06280716561947859,-0.0068630142358537816,-0.031108881083793394,28895.113053319994,119712.12627600135,1015.2896752097677,1518.8704542240573,4722.873880942292,1301.3556286738137,1871.1240310077515,-0.10560931612903211,-0.09299826946456548,-0.24855548387096787,-0.0934516817485107,0.049979953137364364,0.061062599999999995,-0.08642950578884989,-0.3206809852689182,0.013102148732789143,0.0012168493503901257,0.0016441684208627905,-0.06401659453066566,-0.08686714721995992,3736.0661549577094,15478.479786269729,131.2744264412346,196.3861670075638,610.6558305607622,168.26204178125954,241.9316772035568,-0.09953165452163903,-0.08764635513924002
1991,0.3023484313487976,0.46270000000000006,0.053756000000000005,0.15004510019517303,0.1892804287395004,-0.001684831253619734,-0.08557742102537547,37631.50515863746,175102.9271039072,1069.8675869903439,1746.769523711594,5616.821474009637,1299.1630640385501,1710.9980620155034,0.24859243134879758,0.15230333115362454,0.16035156865120248,0.11306800260929717,0.0513850639844049,0.0306428,0.2636273511528897,0.41921138924174306,0.022426004431409075,0.11585226248625902,0.15392105658672461,-0.0313664746443868,-0.11276479205538092,4720.995379121172,21967.2348008221,134.2183873103364,219.1379487763944,704.6486212115186,162.9842547141149,214.65030193208818,0.24120134672148064,0.1477750886666307
1992,0.07493727972380064,0.2551,0.03431314741035857,0.09361637316207942,0.11305244549445928,0.008174674331522747,-0.057341073198357684,40451.507787137925,219771.68380811394,1106.5781112123082,1910.2957512715263,6251.81687755222,1309.7832989906085,1612.8875968992243,0.04062413231344207,-0.018679093438278782,0.18016272027619934,-0.03811516577065864,0.050319857010869606,0.0290065,0.04463604430467716,0.21972018641281688,0.005157059173444223,0.06278859575919049,0.08167678775057241,-0.020244600659448886,-0.08391353523846312,4931.721938025801,26793.87972623285,134.91055947586005,232.89731285761363,762.2020570849453,159.68470356364975,196.63823625696315,0.039478985131232935,-0.018152551454513333
1993,0.0996705147919488,0.25730000000000003,0.029971199999999996,0.14210957589263107,0.15472450683005834,0.0215657041222026,0.17677981375788532,44483.33039239249,276318.9380519417,1139.7435850990746,2181.7670703142176,7219.126160723322,1338.0296980808423,1898.0135658914724,0.0696993147919488,-0.04243906110068227,0.15762948520805123,-0.05505399203810954,0.04897593793175847,0.027484099999999997,0.07025550545448711,0.2236685706377357,0.002420572736843596,0.11155936709155023,0.12383686212765554,-0.005760085122287872,0.1453022132000732,5278.202555542786,32786.82850643876,135.23712029803963,258.8791896773318,856.5907681415891,158.76490607839582,225.21020718485877,0.06783493271764351,-0.04130386163706312
1994,0.013259206774573897,-0.0501,0.04252248995983936,-0.08036655550998592,-0.009682695378854356,0.02515586394070124,-0.02169751116783658,45073.144068086905,262475.3592555394,1188.2083202532413,2006.4259659479505,7149.22556120752,1371.6889911143815,1856.8313953488368,-0.02926328318526546,0.09362576228455982,-0.06335920677457389,0.022941902153428253,0.0497186361717199,0.026749000000000002,-0.013138355357956155,-0.07484691974377378,0.015362556924661597,-0.10432496696854432,-0.03548257205885208,-0.001551631469130843,-0.04718437628654759,5208.855654716793,30332.835384564463,137.31470825694558,231.87162676540063,826.1967244860577,158.51856145393097,214.58380402547706,-0.028500912282617752,0.09118661161058816
1995,0.3719519890260631,0.32270000000000004,0.054896,0.23480780112538907,0.21287256523842943,0.017920027972726515,0.009784735812133016,61838.18965587012,347176.157687302,1253.4362042018633,2477.5504351330737,8671.099545889914,1396.2696962050322,1874.9999999999995,0.3170559890260631,0.137144187900674,-0.04925198902606304,0.15907942378763365,0.05079145111941363,0.0253841,0.33798835872924404,0.2899556371119858,0.02878131229068215,0.20423927104524942,0.1828470572524281,-0.007279293707863621,-0.015213191025555073,6969.388228312064,39128.01199390884,141.26680575739263,279.2289187920422,977.2643642699285,157.36465828695978,211.3192996238472,0.3092070464385619,0.13374908768399463
1996,0.2268096601886579,0.1463,0.05005396825396826,0.01428607793401844,0.034156893562299034,0.02425380000735955,-0.04586563307493541,75863.6884383998,397968.0295569543,1316.175660175358,2512.944913734846,8967.277370146976,1430.1345421731257,1789.0019379844957,0.17675569193468962,0.21252358225463946,-0.08050966018865788,0.19265276662635886,0.05304503967737495,0.0332248,0.18735986610915445,0.10943910753981134,0.01628800262437391,-0.018329720759685197,0.0009021207798141084,-0.008682524841293393,-0.076547168704173,8275.171873631329,43410.14670632926,143.56775986030596,274.11073068255524,978.1459747603081,155.9983357322416,195.1434055450929,0.17107186348478054,0.20568958686883965
1997,0.33103653103653097,0.2217,0.0506208,0.09939130272977531,0.12754162725001839,0.04022038567493125,-0.21408259986459044,100977.34069068384,486197.54170973104,1382.8015250339627,2762.7097823991153,10110.978517937787,1487.6551050263702,1406.007751937984,0.28041573103653095,0.23164522830675566,-0.10933653103653096,0.20349490378651258,0.05531558490330357,0.017023999999999997,0.3087562643915296,0.20124992133912278,0.033034421999874164,0.08098855359340118,0.10866766885542378,0.02280810057081384,-0.22723809847613274,10830.183028531592,52146.4353162978,148.3104378251079,296.3105622849657,1084.438817637827,159.55636146250214,150.79938913886917,0.2757218423916554,0.2277677107981284
1998,0.28337953278443584,-0.1346,0.047759600000000006,0.14921431922606215,0.07627475629281724,0.06442289977892424,-0.008270158511371362,129592.25231742462,420755.35259560123,1448.8435727489748,3174.945641798982,10882.1909402754,1583.494160763089,1394.37984496124,0.23561993278443583,0.13416521355837369,-0.41797953278443584,0.2071047764916186,0.056306048135548625,0.016119,0.2630208989148277,-0.14832809936631441,0.031138675686607664,0.13098398831835856,0.059201487515553985,0.0475376405508845,-0.024002265985943905,13678.747504108082,44411.65367710289,152.92862844948272,335.12250151390595,1148.639208761595,167.14129442131357,147.17986209024016,0.23188222322822005,0.13203691059646916
1999,0.20885350992084475,0.3824,0.04638406374501992,-0.08254214796268576,0.009068545037623749,0.07679326720249358,0.00851285615010422,156658.0490724665,581652.1994281592,1516.0468253839256,2912.878808860126,10980.87657892531,1705.0958509641573,1406.2499999999995,0.16246944617582484,0.2913956578835305,0.17354649007915526,0.199784964883221,0.05963469481832018,0.026845599999999997,0.17724953967845303,0.3462588728042466,0.019027654931783378,-0.10652794145749434,-0.01731229598916928,0.04864184761807788,-0.017853457082443236,16103.299202589027,59789.58281870911,155.83850162081038,299.42259129154354,1128.7536267947492,175.2713557952434,144.55219273901216,0.15822188474666965,0.28377748113594736
2000,-0.09031818955249278,-0.0929,0.05819800796812749,0.16655267125397488,0.09387814651809458,0.09292559924453991,-0.05443583118001727,142508.97770141574,527616.7101012832,1604.2777306076737,3398.0265555148762,12011.740919298774,1863.5429046843803,1329.6996124031002,-0.14851619752062029,-0.25687086080646765,-0.0025818104475072157,-0.18419633607058736,0.055111895842923087,0.0338681,-0.12011811714907628,-0.12261535102978804,0.02353289357523214,0.12833800680567942,0.05804419975632724,0.057122856624108875,-0.08541121558931675,14169.001222485811,52458.46213346851,159.50583249437653,337.8498898504918,1194.2712277841024,185.28335632264827,132.20581424107192,-0.14365101072430841,-0.2484561239547557
2001,-0.11849759142000185,0.3214,0.03399354838709678,0.055721811892492555,0.08538748918301924,0.06676042356055589,0.007469484423392236,125622.00708807123,697192.7207278357,1658.8128232694276,3587.37075204697,13037.39331711463,1987.9538183243783,1339.631782945736,-0.15249113980709864,-0.17421940331249441,0.43989759142000184,-0.20388508060302107,0.051665345512908356,0.0155172,-0.13196703258202003,0.30120888154331626,0.018194028015573682,0.039590281575233366,0.06880266447778483,0.050460222200624516,-0.007924745712438619,12299.160176503345,68259.41684017297,162.40788607942662,351.2254621198344,1276.440270364804,194.6327956527666,131.15811678150553,-0.1501610605975937,-0.1715573141572534
2002,-0.219660479579127,-0.0358,0.0160532,0.15116400378109285,0.12143658327667134,0.0956098401619836,0.2556962025316456,98027.81676541301,672233.2213257791,1685.4420772839362,4129.65207797358,14620.609816379138,2178.021765143777,1682.1705426356584,-0.23571367957912698,-0.37082448336021984,0.183860479579127,-0.3410970628557983,0.045325449773477855,0.0237691,-0.23777781491854666,-0.05818606949555327,-0.0075367580443675974,0.12443714484163748,0.0953999131998331,0.07017279595758819,0.22654239372105067,9374.692744401173,64287.669668184724,161.18385713754876,394.9309558217113,1398.2125613623778,208.29072310876313,160.87099051313288,-0.23024105687417906,-0.36221495976018414
2003,0.2835580005001023,0.9190999999999999,0.0100836,0.003753185881775853,0.12316378506833342,0.09813528796470417,0.1988767281105992,125824.38848080393,1290082.7750463025,1702.4374010144365,4145.151429849277,16421.339461371623,2391.7625582595547,2016.7151162790694,0.2734744005001023,0.27980481461832646,0.6355419994998976,0.1603942154317689,0.048237796117156506,0.0187949,0.25987870620485265,0.8836961197980082,-0.008550592469593332,-0.014764222041378727,0.1024434702886059,0.07787670311728512,0.17675964819866996,11810.975765884168,121098.43390481567,159.80563966248843,389.1001074989456,1541.45030834946,224.51171791438892,189.3064902016058,0.268429298674446,0.2746429282462314
2004,0.10742775944096193,0.17489999999999997,0.0137464,0.04490683702274547,0.10345924468934715,0.1363828431056595,0.046486486486486456,139341.42061832585,1515718.252401901,1725.8397865037414,4331.297069544118,18120.278838832503,2717.9579359886584,2110.465116279069,0.09368135944096193,0.06252092241821647,0.06747224055903804,0.003968514751614777,0.04842299846885445,0.0325556,0.07251150392381955,0.13785640211529526,-0.01821616191902886,0.011961813022703494,0.06866811306756482,0.10055365842348785,0.013491657482160191,12667.407381476216,137792.62830473043,156.89459425482255,393.7544502319618,1647.2987924112335,247.08719250962284,191.8605485265558,0.09072766584284842,0.06054969090111606
2005,0.048344775232688535,0.0393,0.0314916,0.028675329597779506,0.05298384883518509,0.13509629928406475,0.1776859504132231,146077.8502787223,1575285.9797212954,1780.1892427244027,4455.498440599193,19080.360953680607,3085.143994750481,2485.465116279069,0.016853175232688533,0.01966944563490903,-0.009044775232688533,-0.004639073602496553,0.04804218940225513,0.0341566,0.013719561653127155,0.004973521418322857,-0.002576979153834036,-0.005300232481444733,0.01820541379824392,0.09760581645377964,0.13878879698995594,12841.198658031657,138477.942892891,156.49028015607863,391.66746010512895,1677.2885485764275,271.2043396697968,218.48864324638953,0.01629654080696119,0.019019794134571888
2006,0.15612557979315703,0.18469999999999998,0.0473,0.019610012417568386,0.051964610076620635,0.017328491793812573,0.23196881091617927,168884.33934842583,1866241.3001758184,1864.3921939052668,4542.8708203458,20071.8644707598,3138.604887146245,3062.015503875968,0.10882557979315702,0.13651556737558865,0.02857442020684295,0.10416096971653639,0.04914903600480591,0.0254065,0.12748025275162322,0.15534668446123567,0.021351044683254994,-0.005652867991797872,0.025900079701679957,-0.007877859372051321,0.20144431590416034,14478.197908591337,159990.03219231396,159.83151112018615,389.4534156564719,1720.730455667272,269.0678300207881,262.5019385179866,0.10612920806836823,0.1331331207434211
2007,0.054847352464217694,-0.0915,0.04361952191235059,0.10209921930012807,0.048445754357525184,-0.05399254484825555,0.3192246835443038,178147.19823435548,1695480.221209731,1945.716090060533,5006.694384484438,21044.261086407765,2969.143622016047,4039.486434108526,0.011227830551867102,-0.04725186683591037,-0.1463473524642177,0.00640159810669251,0.047948712238125024,0.0408127,0.013484320919813664,-0.12712440960799198,0.002696759861164688,0.05888333155439773,0.00733374444559054,-0.09108770948726475,0.26749479857836445,14673.426575531357,139651.3938067024,160.26253832392436,412.3857302555646,1733.3498530888803,244.55905768748582,332.71984168828567,0.010787561058648976,-0.04539901063458407
2008,-0.3655234411179819,-0.4484,0.013713147410358567,0.20101279926977011,-0.03540309867144642,-0.11995200073845091,0.04317841079460272,113030.22131020659,935226.8900192876,1972.3979816222397,6013.104037797893,20299.22903469799,2612.9889040754115,4213.905038759689,-0.37923658852834047,-0.5665362403877521,-0.08287655888201811,-0.3301203424465355,0.0387958688686898,0.0009141,-0.3661028864694602,-0.4489037570756571,0.012787358485966793,0.19991595609430446,-0.036284031438308606,-0.12075571793668494,0.0422257122710159,9301.44275183164,76961.35844602154,162.31187285334337,494.82821779925376,1670.4569325258158,215.02715309851433,346.7691739902732,-0.378890244955427,-0.5660188425637647
2009,0.2593523387766398,0.47479999999999994,0.0015052,-0.11116695313259162,0.20209649577883115,-0.03853970002097773,0.25035929864903705,142344.87355944986,1379272.6174004453,1975.3668350641774,5344.6455830466175,24401.63208962236,2512.2850955542017,5268.895348837208,0.25784713877663984,0.37051929190923144,0.21544766122336012,0.05725584299780867,0.04286850613334847,0.0272133,0.22598912881739341,0.4357290739907669,-0.025027031873516514,-0.13471423426136686,0.17025012797130934,-0.06401104816397707,0.21723433550659532,11403.467696062931,110495.65989477799,158.2496884379926,428.16781334751045,1954.8524390588968,201.26303964496245,422.09934507622114,0.25101616069090993,0.3607033630787603
2010,0.14821092278719414,0.2824,0.001384462151394422,0.08462933880355772,0.09410497108513265,-0.04117546790303772,0.2924137931034483,163441.9386237224,1768779.204554331,1978.1016556824434,5796.959404879208,26697.94697184632,2408.8405812389296,6809.593023255812,0.1468264606357997,0.06358158398363642,0.13418907721280585,0.05410595170206149,0.04310851643347546,0.014957199999999999,0.13128999211710024,0.2635015545483099,-0.013372719409848743,0.06864539588817897,0.07798138787047648,-0.05530545317875246,0.27336777659535616,12900.628879986642,139611.43804789332,156.13345975781533,457.5595624013262,2107.2945453386956,190.13209602926457,537.4877045420637,0.14466271152694898,0.06264459622892127
2011,0.0209837473362805,-0.14150000000000001,0.0005283999999999999,0.16035334999461354,0.12262911319384322,-0.03885483481006358,0.1202419067947349,166871.5629679545,1518496.9471098932,1979.146884597306,6726.52126523437,29971.892533100086,2315.2454783711137,7628.391472868215,0.020455347336280502,-0.13936960265833304,-0.16248374733628052,-0.10164536585756272,0.04097042900424852,0.0296242,-0.008391850797329181,-0.16620063902926907,-0.02825865981005482,0.12696782961648867,0.09032898915336607,-0.06650876582938081,0.08801046711483163,12792.368727234078,116407.92782853823,151.72133743355235,515.6549069596929,2297.644331467542,177.48664497780487,584.7922484872894,0.01986680901272564,-0.13535968041381785
2012,0.15890585241730293,0.1873,0.0008759999999999999,0.02971571978018946,0.09327063345479117,0.06435980527070462,0.056843442362654706,193388.43092558492,1802911.4253035763,1980.8806172682134,6926.40468624756,32767.389935501258,2464.2542265129578,8062.015503875966,0.15802985241730294,0.12919013263711346,0.028394147582697066,0.06563521896251176,0.041988275684727405,0.0174102,0.1390743403371646,0.16698259954539485,-0.01625126227356477,0.012094944379552386,0.07456228908928897,0.04614619085861782,0.038758449996525224,14571.45896932393,135846.02622504026,149.25567418642368,521.8917243784136,2468.961952334791,185.6769775718064,607.4578896086396,0.15532560261072936,0.1269793959576122
2013,0.32145085858125483,0.5068,0.0005708,-0.09104568794347262,-0.009827890981680139,0.1071867983678767,-0.27614182692307687,255553.30808629587,2716626.935647429,1982.01130392455,6295.785406613258,32445.35559946095,2728.38974741739,5835.755813953487,0.32088005858125485,0.41249654652472745,0.1853491414187452,0.33127874956293496,0.04617680941872315,0.0150174,0.30189970987813086,0.4845065710203589,-0.014232859456399516,-0.10449386182293308,-0.024477699576066603,0.09080573236269318,-0.28685146375133763,18970.578204663914,201664.31857807626,147.13133915265814,467.3572426446834,2408.527443400801,202.53751150310563,433.20770480710286,0.3161325693345304,0.40639357170106394
2014,0.13524421649462237,0.0159,0.0003272,0.10746180452004755,0.10781775226724913,0.04503361982910703,0.001245330012453305,290115.4150110358,2759821.303924223,1982.6598180231942,6972.341867278899,35943.540911706434,2851.259014048218,5843.023255813951,0.13491701649462237,0.027782411974574817,-0.11934421649462237,0.027426464227373243,0.04597502937583342,0.0075649,0.12672068716826312,0.008272519219357566,-0.007183358610447721,0.09914686837547393,0.09950014363069726,0.03718740086033856,-0.0062721220117401,21374.5429107382,203332.59052937204,146.0744419806892,513.6942496655003,2648.176269957657,210.06935513262707,430.4905732261268,0.13390404577871085,0.027573818792789195
2015,0.013788916411676138,-0.09210000000000002,0.0005203187250996015,0.012842996709792224,-0.015008531794429472,0.05194828601294654,-0.12106135986733002,294115.79221836175,2505641.7618328016,1983.6914330520142,7061.887630939909,35404.08113512871,2999.377032806987,5135.65891472868,0.013268597686576535,0.0009459197018839138,-0.10588891641167615,0.028797448206105608,0.0454344573137655,0.007295199999999999,0.006446686544000491,-0.09867534363312758,-0.006725815108520772,0.005507617538326626,-0.022142200016866398,0.04432969204355053,-0.12742695474705923,21512.33788890502,183268.67728707223,145.09197229184673,516.5234811242955,2589.5398213083354,219.38166495344367,375.63447043260555,0.013172501652521262,0.0009390690056738649
2016,0.11773080874798171,0.175,0.0031612000000000003,0.006905504698747792,0.115244739105062,0.05305509391722518,0.0810377358490566,328742.28230178286,2944129.070153542,1989.9622784101784,7110.653529157394,39484.21522880107,3158.5092629757296,5551.841085271316,0.11456960874798171,0.11082530404923392,0.05726919125201828,0.002486069642919711,0.046176501247687796,0.0207462,0.09501344090037445,0.1511186620141225,-0.017227592911930434,-0.013559389494912866,0.09257789948673034,0.03165223041459786,0.05906613793816384,23556.299133541383,210963.99458779258,142.5923868584137,509.5197380604629,2829.273978602304,226.32558396128817,397.82174787750694,0.11224103381230488,0.10857283039528731
2017,0.2160548143449928,0.1547,0.0093412,0.028017162707789457,0.09233905057254754,0.062069189927930646,0.12662535997905566,399768.63507184375,3399585.837306295,2008.5509140452634,7309.873866042513,43130.150175630675,3354.5553743084984,6254.844961240307,0.2067136143449928,0.18803765163720335,-0.06135481434499279,0.12371576377244525,0.047686840373502015,0.0210908,0.1909370002599109,0.1308494797916111,-0.011506910061279685,0.006783297536114619,0.0697766061280225,0.040131974480556165,0.10335472612137497,28054.06822732491,238568.5235343655,140.95158908741072,512.9759620442502,3026.6911146355,235.40847652111955,438.93850567451335,0.20244391032119058,0.18415370272379628
2018,-0.04226869289088544,-0.16260000000000002,0.01936305220883534,-0.00016692385713402633,-0.03269419683836235,0.04517555505626647,-0.009295120061967421,382870.93740858353,2846813.180160291,2047.4425902580256,7308.65367370163,41720.044556120476,3506.0992753098667,6196.705426356587,-0.061631745099720775,-0.042101769033751416,-0.12033130710911458,-0.009574496052523092,0.04660866909463257,0.0191016,-0.060219994641246166,-0.17829586372938677,0.00025655166161575593,-0.018907362972577002,-0.050824958805247955,0.025585236110184262,-0.027864464212368434,26364.65238901025,196032.74257216125,140.9877504517985,503.27693933367266,2872.8596634179407,241.43145797525116,426.7077193917154,-0.06047654630286192,-0.041312631668669164
2019,0.31211679996808755,0.12269999999999999,0.0206248,0.09635630741548393,0.15247765775278477,0.03685210789366988,0.19077404222048466,502371.3891933326,3196117.1573659587,2089.6706841935793,8012.88855387813,48081.41923137955,3635.3064240895037,7378.875968992244,0.29149199996808756,0.21576049255260363,-0.18941679996808758,0.1596391422153028,0.04825368440680444,0.0228513,0.2828030819026066,0.09761800175646274,-0.0021767582443312783,0.07186284791883635,0.1267304032881269,0.01368801886810922,0.16417121650085864,33820.65733791327,215169.0671808947,140.6808542036528,539.4438534860658,3236.9383271530887,244.7361763273715,496.7608447745603,0.2849798401469379,0.21094023398377026
2020,0.18023201827422478,0.34729999999999994,0.003547410358565737,0.1133189764661412,0.10601187472880466,0.10426620677957033,0.2416940249507551,592914.798590873,4306128.646119156,2097.0836036246787,8920.900883340859,53178.6206237197,4014.34603541072,9162.306201550384,0.17668460791565904,0.06691304180808358,0.16706798172577517,0.07422014354542011,0.0484426634144246,0.0136201,0.16437313967454337,0.3291962146370222,-0.00993734204899277,0.09835921413371862,0.09115029854755696,0.0894280872879003,0.22500927610921995,39379.86497040295,286001.9096038244,139.28286043568664,592.5031269842201,3531.986222053122,266.62246446648265,608.5366428566887,0.17431048172353614,0.06601392554082475
2021,0.2846885175196416,0.2169,0.000450199203187251,-0.04416034448604475,0.009334445719875278,0.1886462360360821,-0.037544286394162185,761710.8336171656,5240127.949462402,2098.027708992048,8526.950827206665,53675.013571389645,4771.637305137321,8818.313953488368,0.28423831831645435,0.3288488620056863,-0.06778851751964157,0.2753540717997663,0.051322006296357525,0.07036400000000001,0.20023517001659386,0.1369029601145031,-0.06531778049038717,-0.1069956991136145,-0.057017569985654326,0.11050655294468248,-0.10081456999129479,47265.09892798209,325156.41762698843,130.18521313167523,529.1078406855407,3330.6009504488416,296.08599395228975,547.1872828831455,0.265552950506981,0.30723086913020836
2022,-0.18037505927178585,-0.23379999999999998,0.02024779116465863,-0.1782817153825067,-0.15144078553554258,0.0565184302350592,0.005494203615185933,624317.1968555079,4014986.0348780924,2140.5081359013857,7006.751406749976,45546.42735250748,5041.32275527473,8866.76356589147,-0.20062285043644448,-0.002093343889279148,-0.05342494072821413,-0.02893427373624327,0.05060942016976089,0.06454399999999999,-0.23006945628530695,-0.28025520786364866,-0.041610500679484685,-0.22810303320718228,-0.20288948651774152,-0.007538974213316396,-0.05546956855218199,36390.84331635001,234029.63821673742,124.76814123220079,408.4167373314663,2654.857033816774,293.85380927895926,516.8350403843766,-0.18845895560582226,-0.0019664230781246683
2023,0.26060684985024096,0.051699999999999996,0.05070361445783132,0.0388,0.08735672201365843,0.05678404936325232,0.13262116824217252,787018.5348353545,4222560.81288129,2249.0396351679806,7278.613361331874,49525.21394545577,5327.589475466338,10042.684108527128,0.20990323539240963,0.22180684985024096,-0.20890684985024097,0.17325012783658253,0.052277478113130105,0.0335212,0.21972035972773551,0.017589189268686578,0.01662512046954734,0.005107587536665736,0.052089422078287706,0.022508342705744422,0.09588576242284375,44386.652500614095,238146.02981781386,126.84242661094763,410.5027615688262,2793.147002408767,300.4679715235985,566.3921622784738,0.20309523925818818,0.21461277219106978
2024,0.24878611262526726,0.0862,0.049699999999999994,-0.016371801436629807,0.01736355603778511,0.04244100057874434,0.25957034171004567,982817.816681076,4586545.554951658,2360.816905035829,7159.449348646148,50385.14777308099,5553.697703477917,12649.46705426356,0.19908611262526726,0.26515791406189704,-0.16258611262526726,0.23142255658748215,0.05439470656534162,0.0275,0.21536361326060072,0.05712895377128957,0.021605839416058314,-0.04269761696995611,-0.00986515227466167,0.014541119784665879,0.2258592133431101,53945.922363689024,251751.0633460919,129.58296371144692,392.97527189025124,2765.5921819044897,304.83711228897874,694.3170504943931,0.1937577738445424,0.2580612302305568
Arithmetic Average Historical Return,0.24878611262526726,0.0862,0.049699999999999994,-0.016371801436629807,0.01736355603778511,0.04244100057874434,0.25957034171004567,982817.816681076,4586545.554951658,2360.816905035829,Equity Risk Premium (Arithmetic),50385.14777308099,Standard Error,12649.46705426356,0.19908611262526726,Small Cap Premium (Arithmetic),-0.16258611262526726,0.23142255658748215,0.05439470656534162,Arithmetic Average Annual Real Return,0.21536361326060072,0.05712895377128957,0.021605839416058314,-0.04269761696995611,-0.00986515227466167,0.014541119784665879,0.2258592133431101,53945.922363689024,251751.0633460919,129.58296371144692,392.97527189025124,2765.5921819044897,304.83711228897874,694.3170504943931,0.1937577738445424,0.2580612302305568
1928-2024,0.11794145831193953,0.1752391752577319,0.03355289562249244,0.04791710945175432,0.0689988014395793,0.044095847391027114,0.06754206475897959,982817.816681076,4586545.554951658,2360.816905035829,Stocks - T.Bills,Stocks - T.Bonds,Stocks - T.Bills,Stocks - T.Bonds,0.19908611262526726,S&P 500 minus Lowest Decile,Standard Error,0.23142255658748215,0.05439470656534162,Arithmetic Average Annual Real Return,S&P 500 (includes dividends)2,US Small cap (bottom decile)22,3-month T. Bill (Real),!0-year T.Bonds,Baa Corp Bonds,Real Estate3,Gold,53945.922363689024,251751.0633460919,129.58296371144692,392.97527189025124,2765.5921819044897,Standard Error,694.3170504943931,0.1937577738445424,0.2580612302305568
1975-2024,0.13554134667298087,0.157762,0.04301459458495024,0.06520917337869665,0.08938159155273943,0.054301206802971735,0.07558826763672236,982817.816681076,4586545.554951658,2360.816905035829,0.08438856268944708,0.07002434886018521,0.020106755769719164,0.021243404039561403,0.19908611262526726,0.05729771694579236,0.027722645503288,0.23142255658748215,0.05439470656534162,1928-2024,0.08548547874810951,0.14112706943481718,0.0033924409208368656,0.01803041655969365,0.03853107055265593,0.012791099231447979,0.034768196664725685,53945.922363689024,251751.0633460919,129.58296371144692,392.97527189025124,2765.5921819044897,Stocks - T.Bills,Stocks - T.Bonds,0.1937577738445424,0.2580612302305568
2015-2024,0.14113610855794417,0.06659999999999999,0.017765958611817786,0.0057260162835639315,0.03809845317621834,0.0697756155800747,0.08699161102432965,982817.816681076,4586545.554951658,2360.816905035829,0.09252675208803063,0.07033217329428422,0.023018787373718142,0.02673558996452267,0.19908611262526726,0.02222065332701914,0.027815773824265796,0.23142255658748215,0.05439470656534162,1975-2024,0.0953961827310211,0.11609605642632531,0.005859656818962613,0.028370274180444122,0.051587487936394394,0.016765253640965008,0.03600669064741219,53945.922363689024,251751.0633460919,129.58296371144692,392.97527189025124,2765.5921819044897,0.019718722682041473,0.020777238572154903,0.1937577738445424,0.2580612302305568
2015-2024,0.14113610855794417,0.06659999999999999,0.017765958611817786,0.0057260162835639315,0.03809845317621834,0.0697756155800747,0.08699161102432965,982817.816681076,4586545.554951658,2360.816905035829,0.12337014994612638,0.13541009227438025,0.05039289381343607,0.04010234528260873,0.19908611262526726,-0.07453610855794418,0.03628532038198934,0.23142255658748215,0.05439470656534162,2015-2024,0.10846030413598129,0.03631770461275348,-0.011601518799770538,-0.02226425370945808,0.008958526192855254,0.038483228042667475,0.05617707749326668,53945.922363689024,251751.0633460919,129.58296371144692,392.97527189025124,2765.5921819044897,0.022299903157312024,0.025924894627342345,0.1937577738445424,0.2580612302305568
Geometric Average Historical Return,0.14113610855794417,0.06659999999999999,0.017765958611817786,0.0057260162835639315,0.03809845317621834,0.0697756155800747,0.08699161102432965,982817.816681076,4586545.554951658,2360.816905035829,Equity Risk Premium (Geometric),0.13541009227438025,0.05039289381343607,0.04010234528260873,0.19908611262526726,Small Cap Premium (Geometric),0.03628532038198934,0.23142255658748215,0.05439470656534162,Geometric Average Historical Return,0.10846030413598129,0.03631770461275348,-0.011601518799770538,-0.02226425370945808,0.008958526192855254,0.038483228042667475,0.05617707749326668,53945.922363689024,251751.0633460919,129.58296371144692,392.97527189025124,2765.5921819044897,0.04826853732766975,0.038358208719381566,0.1937577738445424,0.2580612302305568
1928-2024,0.09940957668682993,0.11700869492131938,0.033130734475308454,0.045014870121488304,0.06624937360245498,0.042282350945406444,0.051164892766943915,982817.816681076,4586545.554951658,2360.816905035829,Stocks - T.Bills,Stocks - T.Bonds,0.05039289381343607,0.04010234528260873,0.19908611262526726,S&P 500 minus Lowest Decile,0.03628532038198934,0.23142255658748215,0.05439470656534162,1928-2024,0.06700025173582502,0.08408056828456645,0.002675233267664945,0.014209038316325806,0.03481757315186562,0.011557070650609402,0.0201777653949613,53945.922363689024,251751.0633460919,129.58296371144692,392.97527189025124,2765.5921819044897,0.04826853732766975,0.038358208719381566,0.1937577738445424,0.2580612302305568
1975-2024,0.12263649712401836,0.12924370375340977,0.042474957875517694,0.06047973786357885,0.08619820523891963,0.052760765871526116,0.05419769355552173,982817.816681076,4586545.554951658,2360.816905035829,0.06627884221152147,0.05439470656534162,0.05039289381343607,0.04010234528260873,0.19908611262526726,0.017599118234489453,0.03628532038198934,0.23142255658748215,0.05439470656534162,1975-2024,0.08285745753019658,0.0892305471192203,0.005536329271216278,0.022903135295436083,0.04771030508278917,0.015457674180040293,0.01684368635987976,53945.922363689024,251751.0633460919,129.58296371144692,392.97527189025124,2765.5921819044897,0.04826853732766975,0.038358208719381566,0.1937577738445424,0.2580612302305568
2015-2024,0.12977047682278142,0.05210836815460773,0.017610103153560708,0.002651700617840147,0.03435154575155175,0.0689430219276228,0.08029772457736817,982817.816681076,4586545.554951658,2360.816905035829,0.08016153924850067,0.06215675926043951,0.05039289381343607,0.04010234528260873,0.19908611262526726,0.0066072066293914045,0.03628532038198934,0.23142255658748215,0.05439470656534162,2015-2024,0.09699886612480868,0.021589526885001264,-0.011908035996842425,-0.026432535403900226,0.004347782263639743,0.03793585251437803,0.04896118570150887,53945.922363689024,251751.0633460919,129.58296371144692,392.97527189025124,2765.5921819044897,0.04826853732766975,0.038358208719381566,0.1937577738445424,0.2580612302305568
2015-2024,0.12977047682278142,0.05210836815460773,0.017610103153560708,0.002651700617840147,0.03435154575155175,0.0689430219276228,0.08029772457736817,982817.816681076,4586545.554951658,2360.816905035829,0.11216037366922071,0.12711877620494128,0.05039289381343607,0.04010234528260873,0.19908611262526726,-0.07766210866817369,0.03628532038198934,0.23142255658748215,0.05439470656534162,2015-2024,0.09699886612480868,0.021589526885001264,-0.011908035996842425,-0.026432535403900226,0.004347782263639743,0.03793585251437803,0.04896118570150887,53945.922363689024,251751.0633460919,129.58296371144692,392.97527189025124,2765.5921819044897,0.04826853732766975,0.038358208719381566,0.1937577738445424,0.2580612302305568
Note,0.12977047682278142,0.05210836815460773,0.017610103153560708,0.002651700617840147,0.03435154575155175,0.0689430219276228,0.08029772457736817,982817.816681076,4586545.554951658,2360.816905035829,0.11216037366922071,0.12711877620494128,0.05039289381343607,0.04010234528260873,0.19908611262526726,-0.07766210866817369,0.03628532038198934,0.23142255658748215,0.05439470656534162,2015-2024,0.09699886612480868,0.021589526885001264,-0.011908035996842425,-0.026432535403900226,0.004347782263639743,0.03793585251437803,0.04896118570150887,53945.922363689024,251751.0633460919,129.58296371144692,392.97527189025124,2765.5921819044897,0.04826853732766975,0.038358208719381566,0.1937577738445424,0.2580612302305568
"* Prior to 1971, gold prices were fixed and with the gold standard in place, and were mostly stable.",0.12977047682278142,0.05210836815460773,0.017610103153560708,0.002651700617840147,0.03435154575155175,0.0689430219276228,0.08029772457736817,982817.816681076,4586545.554951658,2360.816905035829,0.11216037366922071,0.12711877620494128,0.05039289381343607,0.04010234528260873,0.19908611262526726,-0.07766210866817369,0.03628532038198934,0.23142255658748215,0.05439470656534162,2015-2024,0.09699886612480868,0.021589526885001264,-0.011908035996842425,-0.026432535403900226,0.004347782263639743,0.03793585251437803,0.04896118570150887,53945.922363689024,251751.0633460919,129.58296371144692,392.97527189025124,2765.5921819044897,0.04826853732766975,0.038358208719381566,0.1937577738445424,0.2580612302305568
