observation_date,BAMLC0A0CMEY
2008-01-02,5.66
2008-01-03,5.67
2008-01-04,5.63
2008-01-07,5.63
2008-01-08,5.65
2008-01-09,5.64
2008-01-10,5.72
2008-01-11,5.63
2008-01-14,5.62
2008-01-15,5.56
2008-01-16,5.57
2008-01-17,5.53
2008-01-18,5.52
2008-01-21,5.52
2008-01-22,5.41
2008-01-23,5.37
2008-01-24,5.56
2008-01-25,5.50
2008-01-28,5.50
2008-01-29,5.56
2008-01-30,5.62
2008-01-31,5.54
2008-02-01,5.49
2008-02-04,5.52
2008-02-05,5.44
2008-02-06,5.47
2008-02-07,5.57
2008-02-08,5.51
2008-02-11,5.50
2008-02-12,5.56
2008-02-13,5.56
2008-02-14,5.65
2008-02-15,5.64
2008-02-18,5.64
2008-02-19,5.75
2008-02-20,5.81
2008-02-21,5.68
2008-02-22,5.69
2008-02-25,5.81
2008-02-26,5.77
2008-02-27,5.76
2008-02-28,5.66
2008-02-29,5.54
2008-03-03,5.55
2008-03-04,5.63
2008-03-05,5.75
2008-03-06,5.75
2008-03-07,5.72
2008-03-10,5.69
2008-03-11,5.92
2008-03-12,5.83
2008-03-13,5.90
2008-03-14,5.80
2008-03-17,5.75
2008-03-18,5.90
2008-03-19,5.83
2008-03-20,5.84
2008-03-21,
2008-03-24,6.01
2008-03-25,5.97
2008-03-26,5.94
2008-03-27,5.98
2008-03-28,5.94
2008-03-31,5.91
2008-04-01,6.03
2008-04-02,6.05
2008-04-03,6.05
2008-04-04,5.92
2008-04-07,5.97
2008-04-08,5.95
2008-04-09,5.86
2008-04-10,5.93
2008-04-11,5.87
2008-04-14,5.89
2008-04-15,5.94
2008-04-16,6.06
2008-04-17,6.10
2008-04-18,6.09
2008-04-21,6.04
2008-04-22,6.03
2008-04-23,6.02
2008-04-24,6.13
2008-04-25,6.15
2008-04-28,6.09
2008-04-29,6.06
2008-04-30,5.99
2008-05-01,5.98
2008-05-02,6.03
2008-05-05,6.01
2008-05-06,6.04
2008-05-07,6.00
2008-05-08,5.93
2008-05-09,5.90
2008-05-12,5.91
2008-05-13,6.05
2008-05-14,6.08
2008-05-15,5.99
2008-05-16,5.99
2008-05-19,5.96
2008-05-20,5.91
2008-05-21,5.97
2008-05-22,6.09
2008-05-23,6.01
2008-05-26,6.01
2008-05-27,6.11
2008-05-28,6.18
2008-05-29,6.23
2008-05-30,6.20
2008-05-31,6.20
2008-06-02,6.12
2008-06-03,6.05
2008-06-04,6.09
2008-06-05,6.15
2008-06-06,6.06
2008-06-09,6.18
2008-06-10,6.32
2008-06-11,6.28
2008-06-12,6.43
2008-06-13,6.47
2008-06-16,6.45
2008-06-17,6.41
2008-06-18,6.34
2008-06-19,6.42
2008-06-20,6.37
2008-06-23,6.43
2008-06-24,6.38
2008-06-25,6.38
2008-06-26,6.34
2008-06-27,6.32
2008-06-30,6.38
2008-07-01,6.42
2008-07-02,6.38
2008-07-03,6.38
2008-07-04,6.38
2008-07-07,6.34
2008-07-08,6.32
2008-07-09,6.30
2008-07-10,6.30
2008-07-11,6.47
2008-07-14,6.40
2008-07-15,6.40
2008-07-16,6.51
2008-07-17,6.62
2008-07-18,6.67
2008-07-21,6.66
2008-07-22,6.70
2008-07-23,6.74
2008-07-24,6.60
2008-07-25,6.69
2008-07-28,6.61
2008-07-29,6.63
2008-07-30,6.65
2008-07-31,6.59
2008-08-01,6.56
2008-08-04,6.58
2008-08-05,6.60
2008-08-06,6.64
2008-08-07,6.52
2008-08-08,6.54
2008-08-11,6.60
2008-08-12,6.53
2008-08-13,6.57
2008-08-14,6.52
2008-08-15,6.49
2008-08-18,6.46
2008-08-19,6.49
2008-08-20,6.46
2008-08-21,6.52
2008-08-22,6.57
2008-08-25,6.51
2008-08-26,6.52
2008-08-27,6.50
2008-08-28,6.54
2008-08-29,6.54
2008-08-31,6.56
2008-09-01,6.56
2008-09-02,6.50
2008-09-03,6.47
2008-09-04,6.43
2008-09-05,6.47
2008-09-08,6.48
2008-09-09,6.44
2008-09-10,6.52
2008-09-11,6.59
2008-09-12,6.72
2008-09-15,6.78
2008-09-16,7.13
2008-09-17,7.16
2008-09-18,7.29
2008-09-19,7.44
2008-09-22,7.42
2008-09-23,7.50
2008-09-24,7.48
2008-09-25,7.70
2008-09-26,7.87
2008-09-29,7.67
2008-09-30,7.81
2008-10-01,7.79
2008-10-02,7.89
2008-10-03,7.92
2008-10-06,7.84
2008-10-07,7.98
2008-10-08,8.30
2008-10-09,8.50
2008-10-10,8.92
2008-10-13,8.92
2008-10-14,8.76
2008-10-15,8.77
2008-10-16,8.90
2008-10-17,9.06
2008-10-20,9.08
2008-10-21,8.95
2008-10-22,8.91
2008-10-23,8.88
2008-10-24,9.08
2008-10-27,9.17
2008-10-28,9.25
2008-10-29,9.29
2008-10-30,9.32
2008-10-31,9.23
2008-11-03,9.14
2008-11-04,8.98
2008-11-05,8.87
2008-11-06,8.84
2008-11-07,8.88
2008-11-10,8.79
2008-11-11,8.79
2008-11-12,8.68
2008-11-13,8.75
2008-11-14,8.68
2008-11-17,8.68
2008-11-18,8.62
2008-11-19,8.59
2008-11-20,8.58
2008-11-21,8.75
2008-11-24,8.91
2008-11-25,8.76
2008-11-26,8.71
2008-11-27,8.71
2008-11-28,8.68
2008-11-30,8.68
2008-12-01,8.51
2008-12-02,8.55
2008-12-03,8.55
2008-12-04,8.48
2008-12-05,8.60
2008-12-08,8.65
2008-12-09,8.56
2008-12-10,8.56
2008-12-11,8.48
2008-12-12,8.45
2008-12-15,8.40
2008-12-16,8.25
2008-12-17,8.12
2008-12-18,7.97
2008-12-19,7.99
2008-12-22,8.00
2008-12-23,7.99
2008-12-24,7.98
2008-12-25,
2008-12-26,7.93
2008-12-29,7.88
2008-12-30,7.80
2008-12-31,7.83
2009-01-01,
2009-01-02,7.98
2009-01-05,7.93
2009-01-06,7.82
2009-01-07,7.71
2009-01-08,7.60
2009-01-09,7.52
2009-01-12,7.42
2009-01-13,7.40
2009-01-14,7.36
2009-01-15,7.38
2009-01-16,7.37
2009-01-19,7.37
2009-01-20,7.42
2009-01-21,7.58
2009-01-22,7.62
2009-01-23,7.65
2009-01-26,7.65
2009-01-27,7.51
2009-01-28,7.56
2009-01-29,7.65
2009-01-30,7.64
2009-01-31,7.63
2009-02-02,7.53
2009-02-03,7.63
2009-02-04,7.66
2009-02-05,7.62
2009-02-06,7.65
2009-02-09,7.64
2009-02-10,7.45
2009-02-11,7.39
2009-02-12,7.38
2009-02-13,7.53
2009-02-16,7.52
2009-02-17,7.39
2009-02-18,7.53
2009-02-19,7.65
2009-02-20,7.67
2009-02-23,7.71
2009-02-24,7.83
2009-02-25,7.95
2009-02-26,7.99
2009-02-27,8.01
2009-02-28,7.95
2009-03-02,7.90
2009-03-03,8.02
2009-03-04,8.18
2009-03-05,8.10
2009-03-06,8.18
2009-03-09,8.33
2009-03-10,8.43
2009-03-11,8.40
2009-03-12,8.37
2009-03-13,8.34
2009-03-16,8.35
2009-03-17,8.39
2009-03-18,8.02
2009-03-19,8.08
2009-03-20,8.10
2009-03-23,8.14
2009-03-24,8.11
2009-03-25,8.22
2009-03-26,8.14
2009-03-27,8.14
2009-03-30,8.11
2009-03-31,7.95
2009-04-01,7.93
2009-04-02,7.98
2009-04-03,8.10
2009-04-06,8.09
2009-04-07,8.04
2009-04-08,7.96
2009-04-09,7.95
2009-04-10,
2009-04-13,7.83
2009-04-14,7.71
2009-04-15,7.63
2009-04-16,7.63
2009-04-17,7.64
2009-04-20,7.52
2009-04-21,7.55
2009-04-22,7.57
2009-04-23,7.51
2009-04-24,7.52
2009-04-27,7.43
2009-04-28,7.46
2009-04-29,7.45
2009-04-30,7.32
2009-05-01,7.28
2009-05-04,7.25
2009-05-05,7.18
2009-05-06,7.11
2009-05-07,7.11
2009-05-08,7.02
2009-05-11,6.91
2009-05-12,6.88
2009-05-13,6.82
2009-05-14,6.82
2009-05-15,6.82
2009-05-18,6.88
2009-05-19,6.84
2009-05-20,6.73
2009-05-21,6.80
2009-05-22,6.84
2009-05-25,6.84
2009-05-26,6.82
2009-05-27,6.88
2009-05-28,6.81
2009-05-29,6.60
2009-05-31,6.56
2009-06-01,6.68
2009-06-02,6.54
2009-06-03,6.42
2009-06-04,6.51
2009-06-05,6.66
2009-06-08,6.67
2009-06-09,6.60
2009-06-10,6.60
2009-06-11,6.51
2009-06-12,6.43
2009-06-15,6.34
2009-06-16,6.30
2009-06-17,6.28
2009-06-18,6.41
2009-06-19,6.34
2009-06-22,6.26
2009-06-23,6.22
2009-06-24,6.25
2009-06-25,6.15
2009-06-26,6.12
2009-06-29,6.11
2009-06-30,6.15
2009-07-01,6.13
2009-07-02,6.06
2009-07-03,6.06
2009-07-06,6.06
2009-07-07,6.02
2009-07-08,5.89
2009-07-09,5.99
2009-07-10,5.90
2009-07-13,5.92
2009-07-14,5.97
2009-07-15,6.06
2009-07-16,5.99
2009-07-17,6.00
2009-07-20,5.91
2009-07-21,5.78
2009-07-22,5.84
2009-07-23,5.94
2009-07-24,5.88
2009-07-27,5.88
2009-07-28,5.84
2009-07-29,5.80
2009-07-30,5.71
2009-07-31,5.57
2009-08-03,5.65
2009-08-04,5.63
2009-08-05,5.65
2009-08-06,5.59
2009-08-07,5.66
2009-08-10,5.55
2009-08-11,5.51
2009-08-12,5.52
2009-08-13,5.42
2009-08-14,5.38
2009-08-17,5.35
2009-08-18,5.40
2009-08-19,5.35
2009-08-20,5.34
2009-08-21,5.43
2009-08-24,5.36
2009-08-25,5.31
2009-08-26,5.29
2009-08-27,5.29
2009-08-28,5.26
2009-08-31,5.24
2009-09-01,5.21
2009-09-02,5.16
2009-09-03,5.18
2009-09-04,5.25
2009-09-07,5.25
2009-09-08,5.24
2009-09-09,5.24
2009-09-10,5.10
2009-09-11,5.08
2009-09-14,5.10
2009-09-15,5.10
2009-09-16,5.11
2009-09-17,5.04
2009-09-18,5.09
2009-09-21,5.08
2009-09-22,5.04
2009-09-23,5.00
2009-09-24,4.97
2009-09-25,4.96
2009-09-28,4.94
2009-09-29,4.94
2009-09-30,4.98
2009-10-01,4.91
2009-10-02,4.94
2009-10-05,4.93
2009-10-06,4.92
2009-10-07,4.86
2009-10-08,4.92
2009-10-09,5.02
2009-10-12,5.02
2009-10-13,4.94
2009-10-14,5.00
2009-10-15,5.03
2009-10-16,4.99
2009-10-19,4.96
2009-10-20,4.89
2009-10-21,4.95
2009-10-22,4.93
2009-10-23,4.97
2009-10-26,5.01
2009-10-27,4.90
2009-10-28,4.86
2009-10-29,4.93
2009-10-30,4.82
2009-10-31,4.85
2009-11-02,4.88
2009-11-03,4.92
2009-11-04,4.96
2009-11-05,4.92
2009-11-06,4.89
2009-11-09,4.87
2009-11-10,4.86
2009-11-11,4.86
2009-11-12,4.82
2009-11-13,4.81
2009-11-16,4.72
2009-11-17,4.70
2009-11-18,4.73
2009-11-19,4.70
2009-11-20,4.71
2009-11-23,4.71
2009-11-24,4.67
2009-11-25,4.65
2009-11-26,4.65
2009-11-27,4.60
2009-11-30,4.63
2009-12-01,4.67
2009-12-02,4.70
2009-12-03,4.72
2009-12-04,4.81
2009-12-07,4.74
2009-12-08,4.68
2009-12-09,4.70
2009-12-10,4.72
2009-12-11,4.75
2009-12-14,4.73
2009-12-15,4.76
2009-12-16,4.74
2009-12-17,4.63
2009-12-18,4.67
2009-12-21,4.76
2009-12-22,4.80
2009-12-23,4.80
2009-12-24,4.84
2009-12-25,
2009-12-28,4.87
2009-12-29,4.84
2009-12-30,4.81
2009-12-31,4.89
2010-01-01,
2010-01-04,4.86
2010-01-05,4.74
2010-01-06,4.75
2010-01-07,4.75
2010-01-08,4.70
2010-01-11,4.68
2010-01-12,4.60
2010-01-13,4.65
2010-01-14,4.60
2010-01-15,4.56
2010-01-18,4.56
2010-01-19,4.59
2010-01-20,4.56
2010-01-21,4.52
2010-01-22,4.52
2010-01-25,4.55
2010-01-26,4.55
2010-01-27,4.58
2010-01-28,4.58
2010-01-29,4.53
2010-01-31,4.55
2010-02-01,4.60
2010-02-02,4.58
2010-02-03,4.62
2010-02-04,4.56
2010-02-05,4.53
2010-02-08,4.58
2010-02-09,4.63
2010-02-10,4.69
2010-02-11,4.70
2010-02-12,4.67
2010-02-15,4.66
2010-02-16,4.64
2010-02-17,4.70
2010-02-18,4.73
2010-02-19,4.72
2010-02-22,4.70
2010-02-23,4.61
2010-02-24,4.61
2010-02-25,4.56
2010-02-26,4.52
2010-02-28,4.55
2010-03-01,4.58
2010-03-02,4.55
2010-03-03,4.56
2010-03-04,4.55
2010-03-05,4.59
2010-03-08,4.59
2010-03-09,4.57
2010-03-10,4.58
2010-03-11,4.58
2010-03-12,4.57
2010-03-15,4.54
2010-03-16,4.49
2010-03-17,4.48
2010-03-18,4.50
2010-03-19,4.51
2010-03-22,4.48
2010-03-23,4.48
2010-03-24,4.60
2010-03-25,4.63
2010-03-26,4.58
2010-03-29,4.57
2010-03-30,4.58
2010-03-31,4.56
2010-04-01,4.58
2010-04-02,
2010-04-05,4.70
2010-04-06,4.66
2010-04-07,4.57
2010-04-08,4.59
2010-04-09,4.58
2010-04-12,4.53
2010-04-13,4.50
2010-04-14,4.51
2010-04-15,4.48
2010-04-16,4.41
2010-04-19,4.45
2010-04-20,4.44
2010-04-21,4.39
2010-04-22,4.43
2010-04-23,4.47
2010-04-26,4.47
2010-04-27,4.37
2010-04-28,4.45
2010-04-29,4.40
2010-04-30,4.37
2010-05-03,4.43
2010-05-04,4.38
2010-05-05,4.36
2010-05-06,4.33
2010-05-07,4.46
2010-05-10,4.47
2010-05-11,4.48
2010-05-12,4.49
2010-05-13,4.47
2010-05-14,4.39
2010-05-17,4.41
2010-05-18,4.35
2010-05-19,4.41
2010-05-20,4.42
2010-05-21,4.41
2010-05-24,4.44
2010-05-25,4.47
2010-05-26,4.52
2010-05-27,4.60
2010-05-28,4.53
2010-05-31,4.56
2010-06-01,4.58
2010-06-02,4.63
2010-06-03,4.64
2010-06-04,4.51
2010-06-07,4.51
2010-06-08,4.53
2010-06-09,4.55
2010-06-10,4.66
2010-06-11,4.58
2010-06-14,4.59
2010-06-15,4.62
2010-06-16,4.58
2010-06-17,4.50
2010-06-18,4.52
2010-06-21,4.50
2010-06-22,4.45
2010-06-23,4.41
2010-06-24,4.43
2010-06-25,4.41
2010-06-28,4.35
2010-06-29,4.31
2010-06-30,4.33
2010-07-01,4.32
2010-07-02,4.35
2010-07-05,4.35
2010-07-06,4.29
2010-07-07,4.32
2010-07-08,4.33
2010-07-09,4.34
2010-07-12,4.32
2010-07-13,4.34
2010-07-14,4.26
2010-07-15,4.20
2010-07-16,4.16
2010-07-19,4.17
2010-07-20,4.15
2010-07-21,4.10
2010-07-22,4.12
2010-07-23,4.15
2010-07-26,4.13
2010-07-27,4.14
2010-07-28,4.09
2010-07-29,4.06
2010-07-30,3.99
2010-07-31,4.02
2010-08-02,4.05
2010-08-03,3.99
2010-08-04,4.03
2010-08-05,4.00
2010-08-06,3.93
2010-08-09,3.94
2010-08-10,3.92
2010-08-11,3.88
2010-08-12,3.91
2010-08-13,3.88
2010-08-16,3.79
2010-08-17,3.83
2010-08-18,3.82
2010-08-19,3.78
2010-08-20,3.81
2010-08-23,3.80
2010-08-24,3.73
2010-08-25,3.78
2010-08-26,3.76
2010-08-27,3.87
2010-08-30,3.79
2010-08-31,3.79
2010-09-01,3.86
2010-09-02,3.87
2010-09-03,3.91
2010-09-06,3.91
2010-09-07,3.82
2010-09-08,3.86
2010-09-09,3.94
2010-09-10,3.95
2010-09-13,3.88
2010-09-14,3.81
2010-09-15,3.84
2010-09-16,3.86
2010-09-17,3.84
2010-09-20,3.81
2010-09-21,3.72
2010-09-22,3.71
2010-09-23,3.72
2010-09-24,3.75
2010-09-27,3.68
2010-09-28,3.64
2010-09-29,3.67
2010-09-30,3.68
2010-10-01,3.68
2010-10-04,3.65
2010-10-05,3.63
2010-10-06,3.58
2010-10-07,3.56
2010-10-08,3.54
2010-10-11,3.54
2010-10-12,3.57
2010-10-13,3.57
2010-10-14,3.62
2010-10-15,3.67
2010-10-18,3.61
2010-10-19,3.59
2010-10-20,3.59
2010-10-21,3.62
2010-10-22,3.62
2010-10-25,3.61
2010-10-26,3.67
2010-10-27,3.70
2010-10-28,3.65
2010-10-29,3.60
2010-10-31,3.63
2010-11-01,3.63
2010-11-02,3.60
2010-11-03,3.61
2010-11-04,3.52
2010-11-05,3.56
2010-11-08,3.57
2010-11-09,3.66
2010-11-10,3.64
2010-11-11,3.64
2010-11-12,3.74
2010-11-15,3.85
2010-11-16,3.81
2010-11-17,3.82
2010-11-18,3.84
2010-11-19,3.83
2010-11-22,3.78
2010-11-23,3.76
2010-11-24,3.88
2010-11-25,3.88
2010-11-26,3.84
2010-11-29,3.83
2010-11-30,3.85
2010-12-01,3.98
2010-12-02,4.00
2010-12-03,3.98
2010-12-06,3.90
2010-12-07,4.06
2010-12-08,4.12
2010-12-09,4.11
2010-12-10,4.14
2010-12-13,4.11
2010-12-14,4.22
2010-12-15,4.26
2010-12-16,4.23
2010-12-17,4.11
2010-12-20,4.12
2010-12-21,4.11
2010-12-22,4.13
2010-12-23,4.17
2010-12-24,4.17
2010-12-27,4.14
2010-12-28,4.23
2010-12-29,4.11
2010-12-30,4.13
2010-12-31,4.09
2011-01-03,4.10
2011-01-04,4.10
2011-01-05,4.21
2011-01-06,4.14
2011-01-07,4.07
2011-01-10,4.05
2011-01-11,4.07
2011-01-12,4.08
2011-01-13,4.03
2011-01-14,4.04
2011-01-17,4.04
2011-01-18,4.05
2011-01-19,4.03
2011-01-20,4.11
2011-01-21,4.08
2011-01-24,4.06
2011-01-25,4.00
2011-01-26,4.06
2011-01-27,4.02
2011-01-28,3.98
2011-01-31,4.05
2011-02-01,4.10
2011-02-02,4.14
2011-02-03,4.17
2011-02-04,4.24
2011-02-07,4.22
2011-02-08,4.28
2011-02-09,4.21
2011-02-10,4.27
2011-02-11,4.23
2011-02-14,4.20
2011-02-15,4.19
2011-02-16,4.19
2011-02-17,4.14
2011-02-18,4.14
2011-02-21,4.13
2011-02-22,4.04
2011-02-23,4.07
2011-02-24,4.05
2011-02-25,4.03
2011-02-28,4.04
2011-03-01,4.04
2011-03-02,4.07
2011-03-03,4.16
2011-03-04,4.07
2011-03-07,4.08
2011-03-08,4.10
2011-03-09,4.05
2011-03-10,4.00
2011-03-11,4.00
2011-03-14,3.94
2011-03-15,3.97
2011-03-16,3.90
2011-03-17,3.93
2011-03-18,3.94
2011-03-21,3.97
2011-03-22,3.98
2011-03-23,3.99
2011-03-24,4.02
2011-03-25,4.06
2011-03-28,4.07
2011-03-29,4.10
2011-03-30,4.07
2011-03-31,4.10
2011-04-01,4.11
2011-04-04,4.08
2011-04-05,4.12
2011-04-06,4.15
2011-04-07,4.13
2011-04-08,4.14
2011-04-11,4.13
2011-04-12,4.07
2011-04-13,4.04
2011-04-14,4.06
2011-04-15,3.99
2011-04-18,3.96
2011-04-19,3.95
2011-04-20,3.98
2011-04-21,3.98
2011-04-22,
2011-04-25,3.94
2011-04-26,3.90
2011-04-27,3.93
2011-04-28,3.87
2011-04-29,3.85
2011-04-30,3.88
2011-05-02,3.88
2011-05-03,3.85
2011-05-04,3.84
2011-05-05,3.80
2011-05-06,3.79
2011-05-09,3.77
2011-05-10,3.81
2011-05-11,3.78
2011-05-12,3.82
2011-05-13,3.79
2011-05-16,3.75
2011-05-17,3.74
2011-05-18,3.78
2011-05-19,3.77
2011-05-20,3.76
2011-05-23,3.75
2011-05-24,3.75
2011-05-25,3.76
2011-05-26,3.70
2011-05-27,3.71
2011-05-30,3.70
2011-05-31,3.72
2011-06-01,3.67
2011-06-02,3.73
2011-06-03,3.71
2011-06-06,3.71
2011-06-07,3.71
2011-06-08,3.68
2011-06-09,3.72
2011-06-10,3.71
2011-06-13,3.73
2011-06-14,3.80
2011-06-15,3.71
2011-06-16,3.69
2011-06-17,3.72
2011-06-20,3.73
2011-06-21,3.74
2011-06-22,3.74
2011-06-23,3.70
2011-06-24,3.68
2011-06-27,3.74
2011-06-28,3.83
2011-06-29,3.85
2011-06-30,3.88
2011-07-01,3.89
2011-07-04,3.89
2011-07-05,3.83
2011-07-06,3.81
2011-07-07,3.85
2011-07-08,3.74
2011-07-11,3.68
2011-07-12,3.69
2011-07-13,3.67
2011-07-14,3.70
2011-07-15,3.69
2011-07-18,3.70
2011-07-19,3.69
2011-07-20,3.72
2011-07-21,3.77
2011-07-22,3.72
2011-07-25,3.75
2011-07-26,3.70
2011-07-27,3.73
2011-07-28,3.70
2011-07-29,3.59
2011-07-31,3.60
2011-08-01,3.57
2011-08-02,3.49
2011-08-03,3.50
2011-08-04,3.44
2011-08-05,3.54
2011-08-08,3.55
2011-08-09,3.49
2011-08-10,3.51
2011-08-11,3.69
2011-08-12,3.62
2011-08-15,3.66
2011-08-16,3.61
2011-08-17,3.58
2011-08-18,3.58
2011-08-19,3.60
2011-08-22,3.62
2011-08-23,3.71
2011-08-24,3.82
2011-08-25,3.77
2011-08-26,3.75
2011-08-29,3.80
2011-08-30,3.72
2011-08-31,3.73
2011-09-01,3.67
2011-09-02,3.61
2011-09-05,3.61
2011-09-06,3.64
2011-09-07,3.67
2011-09-08,3.63
2011-09-09,3.62
2011-09-12,3.68
2011-09-13,3.73
2011-09-14,3.73
2011-09-15,3.77
2011-09-16,3.76
2011-09-19,3.70
2011-09-20,3.71
2011-09-21,3.70
2011-09-22,3.72
2011-09-23,3.83
2011-09-26,3.90
2011-09-27,3.96
2011-09-28,3.95
2011-09-29,3.93
2011-09-30,3.95
2011-10-03,3.91
2011-10-04,4.01
2011-10-05,4.09
2011-10-06,4.11
2011-10-07,4.13
2011-10-10,4.12
2011-10-11,4.14
2011-10-12,4.12
2011-10-13,4.06
2011-10-14,4.06
2011-10-17,4.00
2011-10-18,3.98
2011-10-19,3.93
2011-10-20,3.94
2011-10-21,3.91
2011-10-24,3.90
2011-10-25,3.80
2011-10-26,3.84
2011-10-27,3.86
2011-10-28,3.77
2011-10-31,3.74
2011-11-01,3.70
2011-11-02,3.68
2011-11-03,3.71
2011-11-04,3.69
2011-11-07,3.68
2011-11-08,3.73
2011-11-09,3.73
2011-11-10,3.79
2011-11-11,3.79
2011-11-14,3.79
2011-11-15,3.82
2011-11-16,3.82
2011-11-17,3.83
2011-11-18,3.89
2011-11-21,3.91
2011-11-22,3.95
2011-11-23,3.94
2011-11-24,3.94
2011-11-25,4.00
2011-11-28,3.99
2011-11-29,4.03
2011-11-30,4.07
2011-12-01,4.09
2011-12-02,4.00
2011-12-05,3.97
2011-12-06,3.99
2011-12-07,3.94
2011-12-08,3.92
2011-12-09,3.98
2011-12-12,3.97
2011-12-13,3.94
2011-12-14,3.92
2011-12-15,3.94
2011-12-16,3.89
2011-12-19,3.88
2011-12-20,3.94
2011-12-21,3.98
2011-12-22,3.96
2011-12-23,4.02
2011-12-26,
2011-12-27,4.01
2011-12-28,3.92
2011-12-29,3.90
2011-12-30,3.87
2011-12-31,3.88
2012-01-02,
2012-01-03,3.91
2012-01-04,3.91
2012-01-05,3.90
2012-01-06,3.87
2012-01-09,3.85
2012-01-10,3.84
2012-01-11,3.80
2012-01-12,3.80
2012-01-13,3.75
2012-01-16,3.74
2012-01-17,3.73
2012-01-18,3.74
2012-01-19,3.75
2012-01-20,3.76
2012-01-23,3.75
2012-01-24,3.73
2012-01-25,3.67
2012-01-26,3.59
2012-01-27,3.56
2012-01-30,3.53
2012-01-31,3.53
2012-02-01,3.54
2012-02-02,3.51
2012-02-03,3.55
2012-02-06,3.50
2012-02-07,3.52
2012-02-08,3.51
2012-02-09,3.53
2012-02-10,3.50
2012-02-13,3.51
2012-02-14,3.47
2012-02-15,3.48
2012-02-16,3.53
2012-02-17,3.52
2012-02-20,3.52
2012-02-21,3.53
2012-02-22,3.49
2012-02-23,3.48
2012-02-24,3.47
2012-02-27,3.42
2012-02-28,3.41
2012-02-29,3.43
2012-03-01,3.44
2012-03-02,3.39
2012-03-05,3.41
2012-03-06,3.40
2012-03-07,3.42
2012-03-08,3.44
2012-03-09,3.45
2012-03-12,3.44
2012-03-13,3.48
2012-03-14,3.56
2012-03-15,3.54
2012-03-16,3.54
2012-03-19,3.58
2012-03-20,3.58
2012-03-21,3.52
2012-03-22,3.52
2012-03-23,3.50
2012-03-26,3.49
2012-03-27,3.45
2012-03-28,3.46
2012-03-29,3.44
2012-03-30,3.47
2012-03-31,3.49
2012-04-02,3.47
2012-04-03,3.54
2012-04-04,3.52
2012-04-05,3.49
2012-04-06,
2012-04-09,3.43
2012-04-10,3.41
2012-04-11,3.44
2012-04-12,3.45
2012-04-13,3.41
2012-04-16,3.39
2012-04-17,3.41
2012-04-18,3.40
2012-04-19,3.38
2012-04-20,3.39
2012-04-23,3.37
2012-04-24,3.39
2012-04-25,3.40
2012-04-26,3.38
2012-04-27,3.36
2012-04-30,3.38
2012-05-01,3.40
2012-05-02,3.37
2012-05-03,3.36
2012-05-04,3.33
2012-05-07,3.33
2012-05-08,3.32
2012-05-09,3.33
2012-05-10,3.34
2012-05-11,3.33
2012-05-14,3.33
2012-05-15,3.34
2012-05-16,3.37
2012-05-17,3.39
2012-05-18,3.44
2012-05-21,3.46
2012-05-22,3.49
2012-05-23,3.46
2012-05-24,3.49
2012-05-25,3.47
2012-05-28,3.47
2012-05-29,3.46
2012-05-30,3.42
2012-05-31,3.43
2012-06-01,3.40
2012-06-04,3.44
2012-06-05,3.46
2012-06-06,3.49
2012-06-07,3.46
2012-06-08,3.45
2012-06-11,3.42
2012-06-12,3.48
2012-06-13,3.44
2012-06-14,3.43
2012-06-15,3.40
2012-06-18,3.39
2012-06-19,3.39
2012-06-20,3.40
2012-06-21,3.37
2012-06-22,3.39
2012-06-25,3.35
2012-06-26,3.37
2012-06-27,3.36
2012-06-28,3.34
2012-06-29,3.35
2012-06-30,3.36
2012-07-02,3.29
2012-07-03,3.31
2012-07-04,3.31
2012-07-05,3.28
2012-07-06,3.25
2012-07-09,3.22
2012-07-10,3.21
2012-07-11,3.20
2012-07-12,3.18
2012-07-13,3.17
2012-07-16,3.12
2012-07-17,3.13
2012-07-18,3.08
2012-07-19,3.08
2012-07-20,3.05
2012-07-23,3.05
2012-07-24,3.04
2012-07-25,3.04
2012-07-26,3.04
2012-07-27,3.08
2012-07-30,3.03
2012-07-31,3.03
2012-08-01,3.05
2012-08-02,3.02
2012-08-03,3.07
2012-08-06,3.04
2012-08-07,3.08
2012-08-08,3.09
2012-08-09,3.09
2012-08-10,3.06
2012-08-13,3.06
2012-08-14,3.10
2012-08-15,3.15
2012-08-16,3.16
2012-08-17,3.15
2012-08-20,3.13
2012-08-21,3.12
2012-08-22,3.06
2012-08-23,3.03
2012-08-24,3.04
2012-08-27,3.02
2012-08-28,3.01
2012-08-29,3.02
2012-08-30,2.99
2012-08-31,2.97
2012-09-03,2.97
2012-09-04,2.98
2012-09-05,2.98
2012-09-06,3.02
2012-09-07,2.99
2012-09-10,2.99
2012-09-11,2.98
2012-09-12,3.00
2012-09-13,2.98
2012-09-14,2.99
2012-09-17,2.96
2012-09-18,2.94
2012-09-19,2.92
2012-09-20,2.92
2012-09-21,2.91
2012-09-24,2.88
2012-09-25,2.87
2012-09-26,2.85
2012-09-27,2.86
2012-09-28,2.84
2012-09-30,2.86
2012-10-01,2.84
2012-10-02,2.82
2012-10-03,2.82
2012-10-04,2.83
2012-10-05,2.85
2012-10-08,2.85
2012-10-09,2.83
2012-10-10,2.82
2012-10-11,2.80
2012-10-12,2.77
2012-10-15,2.75
2012-10-16,2.76
2012-10-17,2.79
2012-10-18,2.78
2012-10-19,2.75
2012-10-22,2.77
2012-10-23,2.77
2012-10-24,2.77
2012-10-25,2.81
2012-10-26,2.76
2012-10-29,2.74
2012-10-30,
2012-10-31,2.74
2012-11-01,2.76
2012-11-02,2.76
2012-11-05,2.74
2012-11-06,2.78
2012-11-07,2.73
2012-11-08,2.72
2012-11-09,2.73
2012-11-12,2.72
2012-11-13,2.73
2012-11-14,2.73
2012-11-15,2.75
2012-11-16,2.75
2012-11-19,2.76
2012-11-20,2.79
2012-11-21,2.81
2012-11-22,2.81
2012-11-23,2.81
2012-11-26,2.79
2012-11-27,2.77
2012-11-28,2.76
2012-11-29,2.75
2012-11-30,2.75
2012-12-03,2.76
2012-12-04,2.75
2012-12-05,2.74
2012-12-06,2.73
2012-12-07,2.75
2012-12-10,2.74
2012-12-11,2.76
2012-12-12,2.78
2012-12-13,2.80
2012-12-14,2.79
2012-12-17,2.81
2012-12-18,2.84
2012-12-19,2.81
2012-12-20,2.81
2012-12-21,2.78
2012-12-24,2.80
2012-12-25,
2012-12-26,2.79
2012-12-27,2.75
2012-12-28,2.75
2012-12-31,2.77
2013-01-01,
2013-01-02,2.80
2013-01-03,2.82
2013-01-04,2.82
2013-01-07,2.80
2013-01-08,2.77
2013-01-09,2.76
2013-01-10,2.78
2013-01-11,2.77
2013-01-14,2.76
2013-01-15,2.75
2013-01-16,2.75
2013-01-17,2.78
2013-01-18,2.76
2013-01-21,2.76
2013-01-22,2.75
2013-01-23,2.75
2013-01-24,2.76
2013-01-25,2.82
2013-01-28,2.83
2013-01-29,2.83
2013-01-30,2.85
2013-01-31,2.87
2013-02-01,2.88
2013-02-04,2.86
2013-02-05,2.89
2013-02-06,2.86
2013-02-07,2.85
2013-02-08,2.86
2013-02-11,2.85
2013-02-12,2.87
2013-02-13,2.89
2013-02-14,2.86
2013-02-15,2.86
2013-02-18,2.86
2013-02-19,2.88
2013-02-20,2.87
2013-02-21,2.84
2013-02-22,2.83
2013-02-25,2.79
2013-02-26,2.79
2013-02-27,2.80
2013-02-28,2.80
2013-03-01,2.79
2013-03-04,2.80
2013-03-05,2.80
2013-03-06,2.83
2013-03-07,2.86
2013-03-08,2.89
2013-03-11,2.88
2013-03-12,2.86
2013-03-13,2.86
2013-03-14,2.86
2013-03-15,2.83
2013-03-18,2.81
2013-03-19,2.79
2013-03-20,2.81
2013-03-21,2.81
2013-03-22,2.81
2013-03-25,2.80
2013-03-26,2.81
2013-03-27,2.79
2013-03-28,2.80
2013-03-29,
2013-03-31,2.82
2013-04-01,2.81
2013-04-02,2.82
2013-04-03,2.79
2013-04-04,2.75
2013-04-05,2.71
2013-04-08,2.72
2013-04-09,2.72
2013-04-10,2.75
2013-04-11,2.74
2013-04-12,2.70
2013-04-15,2.69
2013-04-16,2.70
2013-04-17,2.70
2013-04-18,2.69
2013-04-19,2.70
2013-04-22,2.69
2013-04-23,2.68
2013-04-24,2.68
2013-04-25,2.68
2013-04-26,2.65
2013-04-29,2.65
2013-04-30,2.67
2013-05-01,2.65
2013-05-02,2.64
2013-05-03,2.70
2013-05-06,2.70
2013-05-07,2.71
2013-05-08,2.69
2013-05-09,2.70
2013-05-10,2.76
2013-05-13,2.77
2013-05-14,2.78
2013-05-15,2.78
2013-05-16,2.72
2013-05-17,2.77
2013-05-20,2.78
2013-05-21,2.77
2013-05-22,2.81
2013-05-23,2.82
2013-05-24,2.82
2013-05-27,2.81
2013-05-28,2.89
2013-05-29,2.92
2013-05-30,2.92
2013-05-31,3.00
2013-06-03,3.00
2013-06-04,3.02
2013-06-05,3.03
2013-06-06,3.03
2013-06-07,3.09
2013-06-10,3.13
2013-06-11,3.15
2013-06-12,3.18
2013-06-13,3.15
2013-06-14,3.08
2013-06-17,3.10
2013-06-18,3.11
2013-06-19,3.22
2013-06-20,3.37
2013-06-21,3.45
2013-06-24,3.54
2013-06-25,3.56
2013-06-26,3.51
2013-06-27,3.44
2013-06-28,3.43
2013-06-30,3.44
2013-07-01,3.44
2013-07-02,3.42
2013-07-03,3.45
2013-07-04,3.45
2013-07-05,3.59
2013-07-08,3.52
2013-07-09,3.49
2013-07-10,3.51
2013-07-11,3.42
2013-07-12,3.44
2013-07-15,3.39
2013-07-16,3.36
2013-07-17,3.32
2013-07-18,3.32
2013-07-19,3.28
2013-07-22,3.27
2013-07-23,3.28
2013-07-24,3.33
2013-07-25,3.34
2013-07-26,3.30
2013-07-29,3.32
2013-07-30,3.33
2013-07-31,3.34
2013-08-01,3.42
2013-08-02,3.33
2013-08-05,3.35
2013-08-06,3.35
2013-08-07,3.33
2013-08-08,3.32
2013-08-09,3.32
2013-08-12,3.33
2013-08-13,3.41
2013-08-14,3.40
2013-08-15,3.45
2013-08-16,3.49
2013-08-19,3.53
2013-08-20,3.49
2013-08-21,3.54
2013-08-22,3.58
2013-08-23,3.52
2013-08-26,3.50
2013-08-27,3.45
2013-08-28,3.49
2013-08-29,3.47
2013-08-30,
2013-09-02,3.48
2013-09-03,3.56
2013-09-04,3.60
2013-09-05,3.68
2013-09-06,3.64
2013-09-09,3.59
2013-09-10,3.64
2013-09-11,3.60
2013-09-12,3.59
2013-09-13,3.58
2013-09-16,3.54
2013-09-17,3.52
2013-09-18,3.41
2013-09-19,3.41
2013-09-20,3.40
2013-09-23,3.38
2013-09-24,3.34
2013-09-25,3.32
2013-09-26,3.34
2013-09-27,3.33
2013-09-30,3.38
2013-10-01,3.40
2013-10-02,3.37
2013-10-03,3.35
2013-10-04,3.38
2013-10-07,3.37
2013-10-08,3.38
2013-10-09,3.38
2013-10-10,3.38
2013-10-11,3.37
2013-10-14,3.36
2013-10-15,3.37
2013-10-16,3.33
2013-10-17,3.26
2013-10-18,3.25
2013-10-21,3.26
2013-10-22,3.20
2013-10-23,3.18
2013-10-24,3.20
2013-10-25,3.19
2013-10-28,3.19
2013-10-29,3.18
2013-10-30,3.19
2013-10-31,3.22
2013-11-01,3.26
2013-11-04,3.25
2013-11-05,3.29
2013-11-06,3.27
2013-11-07,3.25
2013-11-08,3.34
2013-11-11,3.33
2013-11-12,3.36
2013-11-13,3.33
2013-11-14,3.28
2013-11-15,3.28
2013-11-18,3.24
2013-11-19,3.26
2013-11-20,3.29
2013-11-21,3.28
2013-11-22,3.26
2013-11-25,3.25
2013-11-26,3.22
2013-11-27,3.24
2013-11-28,3.24
2013-11-29,3.24
2013-11-30,3.26
2013-12-02,3.29
2013-12-03,3.26
2013-12-04,3.31
2013-12-05,3.32
2013-12-06,3.33
2013-12-09,3.31
2013-12-10,3.27
2013-12-11,3.29
2013-12-12,3.32
2013-12-13,3.30
2013-12-16,3.30
2013-12-17,3.26
2013-12-18,3.27
2013-12-19,3.30
2013-12-20,3.28
2013-12-23,3.31
2013-12-24,3.35
2013-12-25,
2013-12-26,3.35
2013-12-27,3.35
2013-12-30,3.32
2013-12-31,3.35
2014-01-01,
2014-01-02,3.33
2014-01-03,3.33
2014-01-06,3.30
2014-01-07,3.28
2014-01-08,3.33
2014-01-09,3.31
2014-01-10,3.23
2014-01-13,3.20
2014-01-14,3.23
2014-01-15,3.24
2014-01-16,3.21
2014-01-17,3.20
2014-01-20,3.20
2014-01-21,3.19
2014-01-22,3.23
2014-01-23,3.17
2014-01-24,3.17
2014-01-27,3.19
2014-01-28,3.18
2014-01-29,3.14
2014-01-30,3.15
2014-01-31,3.18
2014-02-03,3.13
2014-02-04,3.15
2014-02-05,3.18
2014-02-06,3.19
2014-02-07,3.15
2014-02-10,3.15
2014-02-11,3.17
2014-02-12,3.20
2014-02-13,3.15
2014-02-14,3.15
2014-02-17,3.15
2014-02-18,3.12
2014-02-19,3.14
2014-02-20,3.15
2014-02-21,3.14
2014-02-24,3.14
2014-02-25,3.10
2014-02-26,3.08
2014-02-27,3.06
2014-02-28,3.09
2014-03-03,3.06
2014-03-04,3.11
2014-03-05,3.11
2014-03-06,3.14
2014-03-07,3.19
2014-03-10,3.18
2014-03-11,3.17
2014-03-12,3.16
2014-03-13,3.11
2014-03-14,3.12
2014-03-17,3.15
2014-03-18,3.12
2014-03-19,3.20
2014-03-20,3.21
2014-03-21,3.19
2014-03-24,3.18
2014-03-25,3.17
2014-03-26,3.14
2014-03-27,3.12
2014-03-28,3.14
2014-03-31,3.19
2014-04-01,3.20
2014-04-02,3.23
2014-04-03,3.21
2014-04-04,3.16
2014-04-07,3.13
2014-04-08,3.12
2014-04-09,3.10
2014-04-10,3.06
2014-04-11,3.05
2014-04-14,3.06
2014-04-15,3.07
2014-04-16,3.08
2014-04-17,3.12
2014-04-18,
2014-04-21,3.12
2014-04-22,3.12
2014-04-23,3.10
2014-04-24,3.10
2014-04-25,3.09
2014-04-28,3.10
2014-04-29,3.11
2014-04-30,3.10
2014-05-01,3.06
2014-05-02,3.06
2014-05-05,3.07
2014-05-06,3.06
2014-05-07,3.04
2014-05-08,3.02
2014-05-09,3.04
2014-05-12,3.06
2014-05-13,3.03
2014-05-14,2.97
2014-05-15,2.95
2014-05-16,2.96
2014-05-19,2.96
2014-05-20,2.94
2014-05-21,2.96
2014-05-22,2.98
2014-05-23,2.96
2014-05-26,2.96
2014-05-27,2.94
2014-05-28,2.89
2014-05-29,2.90
2014-05-30,2.91
2014-05-31,2.93
2014-06-02,2.99
2014-06-03,3.02
2014-06-04,3.03
2014-06-05,3.01
2014-06-06,3.01
2014-06-09,3.02
2014-06-10,3.04
2014-06-11,3.04
2014-06-12,3.00
2014-06-13,3.03
2014-06-16,3.02
2014-06-17,3.06
2014-06-18,3.04
2014-06-19,3.02
2014-06-20,3.03
2014-06-23,3.02
2014-06-24,2.99
2014-06-25,2.97
2014-06-26,2.95
2014-06-27,2.95
2014-06-30,2.97
2014-07-01,3.01
2014-07-02,3.05
2014-07-03,3.07
2014-07-04,3.07
2014-07-07,3.05
2014-07-08,3.02
2014-07-09,3.00
2014-07-10,2.99
2014-07-11,2.98
2014-07-14,3.00
2014-07-15,3.00
2014-07-16,3.00
2014-07-17,2.97
2014-07-18,2.98
2014-07-21,2.99
2014-07-22,2.97
2014-07-23,2.97
2014-07-24,3.00
2014-07-25,2.98
2014-07-28,2.99
2014-07-29,2.97
2014-07-30,3.04
2014-07-31,3.06
2014-08-01,3.03
2014-08-04,3.02
2014-08-05,3.02
2014-08-06,3.02
2014-08-07,2.99
2014-08-08,2.99
2014-08-11,2.99
2014-08-12,3.00
2014-08-13,2.98
2014-08-14,2.95
2014-08-15,2.92
2014-08-18,2.95
2014-08-19,2.96
2014-08-20,2.99
2014-08-21,2.97
2014-08-22,2.98
2014-08-25,2.97
2014-08-26,2.96
2014-08-27,2.94
2014-08-28,2.92
2014-08-29,2.93
2014-08-31,2.95
2014-09-01,2.94
2014-09-02,3.00
2014-09-03,2.99
2014-09-04,3.02
2014-09-05,3.02
2014-09-08,3.03
2014-09-09,3.06
2014-09-10,3.09
2014-09-11,3.09
2014-09-12,3.14
2014-09-15,3.12
2014-09-16,3.12
2014-09-17,3.13
2014-09-18,3.15
2014-09-19,3.12
2014-09-22,3.10
2014-09-23,3.08
2014-09-24,3.11
2014-09-25,3.08
2014-09-26,3.12
2014-09-29,3.10
2014-09-30,3.16
2014-10-01,3.09
2014-10-02,3.11
2014-10-03,3.12
2014-10-06,3.09
2014-10-07,3.04
2014-10-08,3.01
2014-10-09,3.01
2014-10-10,3.01
2014-10-13,3.00
2014-10-14,2.93
2014-10-15,2.87
2014-10-16,2.93
2014-10-17,2.96
2014-10-20,2.94
2014-10-21,2.95
2014-10-22,2.97
2014-10-23,3.00
2014-10-24,3.00
2014-10-27,2.99
2014-10-28,3.01
2014-10-29,3.05
2014-10-30,3.04
2014-10-31,3.09
2014-11-03,3.10
2014-11-04,3.11
2014-11-05,3.12
2014-11-06,3.14
2014-11-07,3.10
2014-11-10,3.14
2014-11-11,3.13
2014-11-12,3.14
2014-11-13,3.13
2014-11-14,3.12
2014-11-17,3.14
2014-11-18,3.14
2014-11-19,3.17
2014-11-20,3.16
2014-11-21,3.13
2014-11-24,3.12
2014-11-25,3.09
2014-11-26,3.07
2014-11-27,3.06
2014-11-28,3.04
2014-11-30,3.06
2014-12-01,3.09
2014-12-02,3.15
2014-12-03,3.16
2014-12-04,3.14
2014-12-05,3.21
2014-12-08,3.19
2014-12-09,3.18
2014-12-10,3.15
2014-12-11,3.17
2014-12-12,3.13
2014-12-15,3.18
2014-12-16,3.18
2014-12-17,3.24
2014-12-18,3.25
2014-12-19,3.22
2014-12-22,3.21
2014-12-23,3.27
2014-12-24,3.27
2014-12-25,
2014-12-26,3.26
2014-12-29,3.22
2014-12-30,3.20
2014-12-31,3.21
2015-01-01,
2015-01-02,3.18
2015-01-05,3.14
2015-01-06,3.10
2015-01-07,3.09
2015-01-08,3.11
2015-01-09,3.07
2015-01-12,3.03
2015-01-13,3.02
2015-01-14,2.99
2015-01-15,2.95
2015-01-16,
2015-01-19,2.99
2015-01-20,2.98
2015-01-21,3.01
2015-01-22,3.03
2015-01-23,2.97
2015-01-26,2.98
2015-01-27,2.97
2015-01-28,2.91
2015-01-29,2.93
2015-01-30,2.88
2015-01-31,2.91
2015-02-02,2.90
2015-02-03,2.97
2015-02-04,2.97
2015-02-05,2.98
2015-02-06,3.07
2015-02-09,3.07
2015-02-10,3.10
2015-02-11,3.10
2015-02-12,3.07
2015-02-13,3.10
2015-02-16,3.09
2015-02-17,3.16
2015-02-18,3.08
2015-02-19,3.11
2015-02-20,3.12
2015-02-23,3.06
2015-02-24,3.00
2015-02-25,3.00
2015-02-26,3.03
2015-02-27,3.02
2015-02-28,2.98
2015-03-02,3.04
2015-03-03,3.06
2015-03-04,3.06
2015-03-05,3.04
2015-03-06,3.14
2015-03-09,3.10
2015-03-10,3.07
2015-03-11,3.07
2015-03-12,3.05
2015-03-13,3.07
2015-03-16,3.07
2015-03-17,3.06
2015-03-18,2.97
2015-03-19,3.00
2015-03-20,2.96
2015-03-23,2.94
2015-03-24,2.91
2015-03-25,2.94
2015-03-26,3.01
2015-03-27,2.95
2015-03-30,2.96
2015-03-31,2.94
2015-04-01,2.89
2015-04-02,2.91
2015-04-03,
2015-04-06,2.89
2015-04-07,2.88
2015-04-08,2.88
2015-04-09,2.92
2015-04-10,2.92
2015-04-13,2.90
2015-04-14,2.87
2015-04-15,2.86
2015-04-16,2.85
2015-04-17,2.84
2015-04-20,2.87
2015-04-21,2.88
2015-04-22,2.92
2015-04-23,2.90
2015-04-24,2.87
2015-04-27,2.88
2015-04-28,2.92
2015-04-29,2.96
2015-04-30,3.01
2015-05-01,3.06
2015-05-04,3.06
2015-05-05,3.09
2015-05-06,3.13
2015-05-07,3.11
2015-05-08,3.07
2015-05-11,3.15
2015-05-12,3.14
2015-05-13,3.14
2015-05-14,3.10
2015-05-15,3.04
2015-05-18,3.10
2015-05-19,3.13
2015-05-20,3.13
2015-05-21,3.09
2015-05-22,3.14
2015-05-25,
2015-05-26,3.08
2015-05-27,3.08
2015-05-28,3.08
2015-05-29,3.06
2015-05-31,3.09
2015-06-01,3.17
2015-06-02,3.22
2015-06-03,3.28
2015-06-04,3.25
2015-06-05,3.32
2015-06-08,3.30
2015-06-09,3.34
2015-06-10,3.38
2015-06-11,3.33
2015-06-12,3.33
2015-06-15,3.31
2015-06-16,3.30
2015-06-17,3.28
2015-06-18,3.31
2015-06-19,3.25
2015-06-22,3.31
2015-06-23,3.35
2015-06-24,3.32
2015-06-25,3.34
2015-06-26,3.39
2015-06-29,3.30
2015-06-30,3.34
2015-07-01,3.39
2015-07-02,3.35
2015-07-03,3.35
2015-07-06,3.27
2015-07-07,3.25
2015-07-08,3.24
2015-07-09,3.31
2015-07-10,3.39
2015-07-13,3.40
2015-07-14,3.37
2015-07-15,3.35
2015-07-16,3.36
2015-07-17,3.35
2015-07-20,3.38
2015-07-21,3.36
2015-07-22,3.36
2015-07-23,3.34
2015-07-24,3.34
2015-07-27,3.32
2015-07-28,3.34
2015-07-29,3.36
2015-07-30,3.35
2015-07-31,3.34
2015-08-03,3.31
2015-08-04,3.37
2015-08-05,3.41
2015-08-06,3.39
2015-08-07,3.37
2015-08-10,3.41
2015-08-11,3.34
2015-08-12,3.35
2015-08-13,3.41
2015-08-14,3.41
2015-08-17,3.38
2015-08-18,3.42
2015-08-19,3.37
2015-08-20,3.36
2015-08-21,3.34
2015-08-24,3.33
2015-08-25,3.43
2015-08-26,3.46
2015-08-27,3.44
2015-08-28,3.45
2015-08-31,3.48
2015-09-01,3.46
2015-09-02,3.47
2015-09-03,3.44
2015-09-04,3.41
2015-09-07,3.41
2015-09-08,3.45
2015-09-09,3.44
2015-09-10,3.46
2015-09-11,3.43
2015-09-14,3.43
2015-09-15,3.51
2015-09-16,3.52
2015-09-17,3.43
2015-09-18,3.37
2015-09-21,3.43
2015-09-22,3.37
2015-09-23,3.39
2015-09-24,3.39
2015-09-25,3.43
2015-09-28,3.41
2015-09-29,3.40
2015-09-30,3.43
2015-10-01,3.43
2015-10-02,3.38
2015-10-05,3.42
2015-10-06,3.39
2015-10-07,3.39
2015-10-08,3.42
2015-10-09,3.41
2015-10-12,3.41
2015-10-13,3.37
2015-10-14,3.31
2015-10-15,3.34
2015-10-16,3.34
2015-10-19,3.34
2015-10-20,3.37
2015-10-21,3.33
2015-10-22,3.31
2015-10-23,3.34
2015-10-26,3.32
2015-10-27,3.30
2015-10-28,3.36
2015-10-29,3.41
2015-10-30,3.40
2015-10-31,3.42
2015-11-02,3.44
2015-11-03,3.47
2015-11-04,3.48
2015-11-05,3.48
2015-11-06,3.55
2015-11-09,3.56
2015-11-10,3.54
2015-11-11,3.53
2015-11-12,3.55
2015-11-13,3.52
2015-11-16,3.51
2015-11-17,3.50
2015-11-18,3.51
2015-11-19,3.50
2015-11-20,3.51
2015-11-23,3.50
2015-11-24,3.50
2015-11-25,3.50
2015-11-26,3.50
2015-11-27,3.50
2015-11-30,3.50
2015-12-01,3.45
2015-12-02,3.47
2015-12-03,3.58
2015-12-04,3.54
2015-12-07,3.52
2015-12-08,3.55
2015-12-09,3.53
2015-12-10,3.56
2015-12-11,3.51
2015-12-14,3.61
2015-12-15,3.64
2015-12-16,3.66
2015-12-17,3.64
2015-12-18,3.61
2015-12-21,3.61
2015-12-22,3.65
2015-12-23,3.66
2015-12-24,3.65
2015-12-25,
2015-12-28,3.64
2015-12-29,3.70
2015-12-30,3.69
2015-12-31,3.68
2016-01-01,
2016-01-04,3.66
2016-01-05,3.66
2016-01-06,3.61
2016-01-07,3.59
2016-01-08,3.58
2016-01-11,3.60
2016-01-12,3.57
2016-01-13,3.55
2016-01-14,3.60
2016-01-15,3.59
2016-01-18,3.59
2016-01-19,3.61
2016-01-20,3.63
2016-01-21,3.65
2016-01-22,3.67
2016-01-25,3.66
2016-01-26,3.65
2016-01-27,3.66
2016-01-28,3.65
2016-01-29,3.61
2016-01-31,3.62
2016-02-01,3.66
2016-02-02,3.61
2016-02-03,3.63
2016-02-04,3.62
2016-02-05,3.62
2016-02-08,3.57
2016-02-09,3.60
2016-02-10,3.60
2016-02-11,3.59
2016-02-12,3.67
2016-02-15,3.66
2016-02-16,3.67
2016-02-17,3.69
2016-02-18,3.63
2016-02-19,3.63
2016-02-22,3.63
2016-02-23,3.61
2016-02-24,3.61
2016-02-25,3.57
2016-02-26,3.62
2016-02-29,3.55
2016-03-01,3.60
2016-03-02,3.59
2016-03-03,3.56
2016-03-04,3.58
2016-03-07,3.58
2016-03-08,3.52
2016-03-09,3.55
2016-03-10,3.55
2016-03-11,3.55
2016-03-14,3.51
2016-03-15,3.49
2016-03-16,3.45
2016-03-17,3.40
2016-03-18,3.35
2016-03-21,3.37
2016-03-22,3.37
2016-03-23,3.32
2016-03-24,3.34
2016-03-25,
2016-03-28,3.32
2016-03-29,3.26
2016-03-30,3.25
2016-03-31,3.21
2016-04-01,3.21
2016-04-04,3.19
2016-04-05,3.15
2016-04-06,3.17
2016-04-07,3.12
2016-04-08,3.14
2016-04-11,3.14
2016-04-12,3.17
2016-04-13,3.15
2016-04-14,3.15
2016-04-15,3.11
2016-04-18,3.12
2016-04-19,3.12
2016-04-20,3.15
2016-04-21,3.14
2016-04-22,3.15
2016-04-25,3.15
2016-04-26,3.16
2016-04-27,3.12
2016-04-28,3.08
2016-04-29,3.06
2016-04-30,3.07
2016-05-02,3.10
2016-05-03,3.06
2016-05-04,3.05
2016-05-05,3.03
2016-05-06,3.06
2016-05-09,3.04
2016-05-10,3.04
2016-05-11,3.03
2016-05-12,3.06
2016-05-13,3.04
2016-05-16,3.07
2016-05-17,3.08
2016-05-18,3.18
2016-05-19,3.16
2016-05-20,3.16
2016-05-23,3.16
2016-05-24,3.17
2016-05-25,3.17
2016-05-26,3.12
2016-05-27,3.13
2016-05-30,3.12
2016-05-31,3.14
2016-06-01,3.15
2016-06-02,3.13
2016-06-03,3.04
2016-06-06,3.04
2016-06-07,3.03
2016-06-08,3.02
2016-06-09,3.00
2016-06-10,2.98
2016-06-13,2.97
2016-06-14,2.98
2016-06-15,2.96
2016-06-16,2.96
2016-06-17,2.99
2016-06-20,3.00
2016-06-21,3.02
2016-06-22,3.00
2016-06-23,3.02
2016-06-24,2.95
2016-06-27,2.88
2016-06-28,2.88
2016-06-29,2.88
2016-06-30,2.90
2016-07-01,2.86
2016-07-04,2.86
2016-07-05,2.79
2016-07-06,2.80
2016-07-07,2.79
2016-07-08,2.77
2016-07-11,2.80
2016-07-12,2.84
2016-07-13,2.80
2016-07-14,2.82
2016-07-15,2.86
2016-07-18,2.85
2016-07-19,2.83
2016-07-20,2.85
2016-07-21,2.82
2016-07-22,2.82
2016-07-25,2.83
2016-07-26,2.83
2016-07-27,2.80
2016-07-28,2.80
2016-07-29,2.76
2016-07-31,2.77
2016-08-01,2.79
2016-08-02,2.83
2016-08-03,2.83
2016-08-04,2.79
2016-08-05,2.85
2016-08-08,2.85
2016-08-09,2.81
2016-08-10,2.77
2016-08-11,2.83
2016-08-12,2.78
2016-08-15,2.79
2016-08-16,2.81
2016-08-17,2.79
2016-08-18,2.76
2016-08-19,2.79
2016-08-22,2.76
2016-08-23,2.76
2016-08-24,2.76
2016-08-25,2.78
2016-08-26,2.83
2016-08-29,2.77
2016-08-30,2.77
2016-08-31,2.79
2016-09-01,2.79
2016-09-02,2.81
2016-09-05,2.81
2016-09-06,2.76
2016-09-07,2.76
2016-09-08,2.82
2016-09-09,2.87
2016-09-12,2.88
2016-09-13,2.93
2016-09-14,2.89
2016-09-15,2.89
2016-09-16,2.90
2016-09-19,2.89
2016-09-20,2.89
2016-09-21,2.88
2016-09-22,2.84
2016-09-23,2.83
2016-09-26,2.81
2016-09-27,2.80
2016-09-28,2.80
2016-09-29,2.79
2016-09-30,2.84
2016-10-03,2.86
2016-10-04,2.90
2016-10-05,2.92
2016-10-06,2.93
2016-10-07,2.92
2016-10-10,2.92
2016-10-11,2.93
2016-10-12,2.94
2016-10-13,2.90
2016-10-14,2.93
2016-10-17,2.91
2016-10-18,2.89
2016-10-19,2.88
2016-10-20,2.88
2016-10-21,2.88
2016-10-24,2.89
2016-10-25,2.89
2016-10-26,2.93
2016-10-27,2.96
2016-10-28,2.96
2016-10-31,2.97
2016-11-01,2.96
2016-11-02,2.95
2016-11-03,2.96
2016-11-04,2.95
2016-11-07,2.97
2016-11-08,3.00
2016-11-09,3.13
2016-11-10,3.16
2016-11-11,3.16
2016-11-14,3.26
2016-11-15,3.26
2016-11-16,3.26
2016-11-17,3.29
2016-11-18,3.35
2016-11-21,3.36
2016-11-22,3.35
2016-11-23,3.38
2016-11-24,3.38
2016-11-25,3.39
2016-11-28,3.35
2016-11-29,3.33
2016-11-30,3.40
2016-12-01,3.45
2016-12-02,3.40
2016-12-05,3.40
2016-12-06,3.40
2016-12-07,3.36
2016-12-08,3.38
2016-12-09,3.43
2016-12-12,3.43
2016-12-13,3.43
2016-12-14,3.47
2016-12-15,3.51
2016-12-16,3.52
2016-12-19,3.48
2016-12-20,3.49
2016-12-21,3.47
2016-12-22,3.47
2016-12-23,3.46
2016-12-26,
2016-12-27,3.48
2016-12-28,3.43
2016-12-29,3.40
2016-12-30,3.37
2016-12-31,3.39
2017-01-02,
2017-01-03,3.40
2017-01-04,3.40
2017-01-05,3.33
2017-01-06,3.37
2017-01-09,3.34
2017-01-10,3.34
2017-01-11,3.33
2017-01-12,3.33
2017-01-13,3.34
2017-01-16,3.33
2017-01-17,3.29
2017-01-18,3.34
2017-01-19,3.39
2017-01-20,3.38
2017-01-23,3.32
2017-01-24,3.37
2017-01-25,3.41
2017-01-26,3.38
2017-01-27,3.36
2017-01-30,3.36
2017-01-31,3.38
2017-02-01,3.39
2017-02-02,3.39
2017-02-03,3.39
2017-02-06,3.33
2017-02-07,3.32
2017-02-08,3.29
2017-02-09,3.33
2017-02-10,3.34
2017-02-13,3.35
2017-02-14,3.37
2017-02-15,3.39
2017-02-16,3.34
2017-02-17,3.32
2017-02-20,3.32
2017-02-21,3.32
2017-02-22,3.31
2017-02-23,3.28
2017-02-24,3.23
2017-02-27,3.26
2017-02-28,3.28
2017-03-01,3.36
2017-03-02,3.38
2017-03-03,3.37
2017-03-06,3.37
2017-03-07,3.40
2017-03-08,3.44
2017-03-09,3.49
2017-03-10,3.48
2017-03-13,3.50
2017-03-14,3.50
2017-03-15,3.42
2017-03-16,3.42
2017-03-17,3.41
2017-03-20,3.38
2017-03-21,3.36
2017-03-22,3.33
2017-03-23,3.34
2017-03-24,3.33
2017-03-27,3.31
2017-03-28,3.34
2017-03-29,3.32
2017-03-30,3.33
2017-03-31,3.35
2017-04-03,3.31
2017-04-04,3.32
2017-04-05,3.32
2017-04-06,3.31
2017-04-07,3.34
2017-04-10,3.32
2017-04-11,3.27
2017-04-12,3.27
2017-04-13,3.22
2017-04-14,
2017-04-17,3.23
2017-04-18,3.18
2017-04-19,3.20
2017-04-20,3.23
2017-04-21,3.22
2017-04-24,3.24
2017-04-25,3.28
2017-04-26,3.27
2017-04-27,3.25
2017-04-28,3.24
2017-04-30,3.27
2017-05-01,3.30
2017-05-02,3.27
2017-05-03,3.28
2017-05-04,3.31
2017-05-05,3.30
2017-05-08,3.32
2017-05-09,3.33
2017-05-10,3.33
2017-05-11,3.32
2017-05-12,3.26
2017-05-15,3.25
2017-05-16,3.24
2017-05-17,3.16
2017-05-18,3.19
2017-05-19,3.19
2017-05-22,3.19
2017-05-23,3.22
2017-05-24,3.20
2017-05-25,3.19
2017-05-26,3.19
2017-05-29,3.19
2017-05-30,3.16
2017-05-31,3.18
2017-06-01,3.19
2017-06-02,3.15
2017-06-05,3.17
2017-06-06,3.14
2017-06-07,3.17
2017-06-08,3.18
2017-06-09,3.19
2017-06-12,3.20
2017-06-13,3.19
2017-06-14,3.13
2017-06-15,3.15
2017-06-16,3.14
2017-06-19,3.16
2017-06-20,3.14
2017-06-21,3.14
2017-06-22,3.14
2017-06-23,3.13
2017-06-26,3.12
2017-06-27,3.16
2017-06-28,3.16
2017-06-29,3.18
2017-06-30,3.22
2017-07-03,3.25
2017-07-04,3.25
2017-07-05,3.24
2017-07-06,3.26
2017-07-07,3.27
2017-07-10,3.25
2017-07-11,3.23
2017-07-12,3.20
2017-07-13,3.21
2017-07-14,3.18
2017-07-17,3.17
2017-07-18,3.13
2017-07-19,3.13
2017-07-20,3.12
2017-07-21,3.10
2017-07-24,3.11
2017-07-25,3.16
2017-07-26,3.12
2017-07-27,3.14
2017-07-28,3.12
2017-07-31,3.14
2017-08-01,3.11
2017-08-02,3.12
2017-08-03,3.10
2017-08-04,3.13
2017-08-07,3.12
2017-08-08,3.15
2017-08-09,3.13
2017-08-10,3.13
2017-08-11,3.12
2017-08-14,3.14
2017-08-15,3.17
2017-08-16,3.13
2017-08-17,3.11
2017-08-18,3.12
2017-08-21,3.10
2017-08-22,3.13
2017-08-23,3.10
2017-08-24,3.12
2017-08-25,3.10
2017-08-28,3.09
2017-08-29,3.08
2017-08-30,3.08
2017-08-31,3.09
2017-09-01,3.12
2017-09-04,3.11
2017-09-05,3.05
2017-09-06,3.08
2017-09-07,3.05
2017-09-08,3.05
2017-09-11,3.10
2017-09-12,3.13
2017-09-13,3.14
2017-09-14,3.14
2017-09-15,3.14
2017-09-18,3.15
2017-09-19,3.15
2017-09-20,3.17
2017-09-21,3.17
2017-09-22,3.16
2017-09-25,3.13
2017-09-26,3.13
2017-09-27,3.18
2017-09-28,3.16
2017-09-29,3.16
2017-09-30,3.18
2017-10-02,3.18
2017-10-03,3.16
2017-10-04,3.16
2017-10-05,3.17
2017-10-06,3.19
2017-10-09,3.18
2017-10-10,3.16
2017-10-11,3.16
2017-10-12,3.15
2017-10-13,3.12
2017-10-16,3.15
2017-10-17,3.14
2017-10-18,3.17
2017-10-19,3.15
2017-10-20,3.19
2017-10-23,3.18
2017-10-24,3.19
2017-10-25,3.22
2017-10-26,3.23
2017-10-27,3.21
2017-10-30,3.16
2017-10-31,3.18
2017-11-01,3.19
2017-11-02,3.18
2017-11-03,3.18
2017-11-06,3.17
2017-11-07,3.18
2017-11-08,3.20
2017-11-09,3.21
2017-11-10,3.27
2017-11-13,3.27
2017-11-14,3.27
2017-11-15,3.25
2017-11-16,3.27
2017-11-17,3.26
2017-11-20,3.28
2017-11-21,3.27
2017-11-22,3.23
2017-11-23,3.23
2017-11-24,3.24
2017-11-27,3.23
2017-11-28,3.23
2017-11-29,3.26
2017-11-30,3.30
2017-12-01,3.26
2017-12-04,3.28
2017-12-05,3.26
2017-12-06,3.24
2017-12-07,3.27
2017-12-08,3.27
2017-12-11,3.28
2017-12-12,3.29
2017-12-13,3.24
2017-12-14,3.24
2017-12-15,3.24
2017-12-18,3.26
2017-12-19,3.31
2017-12-20,3.34
2017-12-21,3.32
2017-12-22,3.33
2017-12-25,
2017-12-26,3.31
2017-12-27,3.27
2017-12-28,3.28
2017-12-29,3.27
2017-12-31,3.27
2018-01-01,
2018-01-02,3.32
2018-01-03,3.31
2018-01-04,3.32
2018-01-05,3.33
2018-01-08,3.33
2018-01-09,3.36
2018-01-10,3.36
2018-01-11,3.34
2018-01-12,3.35
2018-01-15,3.35
2018-01-16,3.34
2018-01-17,3.37
2018-01-18,3.40
2018-01-19,3.42
2018-01-22,3.44
2018-01-23,3.41
2018-01-24,3.43
2018-01-25,3.40
2018-01-26,3.43
2018-01-29,3.45
2018-01-30,3.46
2018-01-31,3.48
2018-02-01,3.51
2018-02-02,3.56
2018-02-05,3.51
2018-02-06,3.52
2018-02-07,3.57
2018-02-08,3.59
2018-02-09,3.60
2018-02-12,3.62
2018-02-13,3.65
2018-02-14,3.71
2018-02-15,3.69
2018-02-16,3.68
2018-02-19,3.68
2018-02-20,3.70
2018-02-21,3.74
2018-02-22,3.72
2018-02-23,3.70
2018-02-26,3.69
2018-02-27,3.73
2018-02-28,3.73
2018-03-01,3.70
2018-03-02,3.75
2018-03-05,3.77
2018-03-06,3.76
2018-03-07,3.77
2018-03-08,3.76
2018-03-09,3.79
2018-03-12,3.78
2018-03-13,3.78
2018-03-14,3.76
2018-03-15,3.78
2018-03-16,3.80
2018-03-19,3.80
2018-03-20,3.84
2018-03-21,3.86
2018-03-22,3.82
2018-03-23,3.83
2018-03-26,3.85
2018-03-27,3.80
2018-03-28,3.80
2018-03-29,3.77
2018-03-30,
2018-03-31,3.80
2018-04-02,3.79
2018-04-03,3.83
2018-04-04,3.83
2018-04-05,3.85
2018-04-06,3.79
2018-04-09,3.80
2018-04-10,3.81
2018-04-11,3.80
2018-04-12,3.83
2018-04-13,3.83
2018-04-16,3.82
2018-04-17,3.81
2018-04-18,3.86
2018-04-19,3.90
2018-04-20,3.93
2018-04-23,3.95
2018-04-24,3.95
2018-04-25,3.99
2018-04-26,3.97
2018-04-27,3.95
2018-04-30,3.96
2018-05-01,4.00
2018-05-02,3.99
2018-05-03,3.99
2018-05-04,3.99
2018-05-07,4.00
2018-05-08,4.01
2018-05-09,4.04
2018-05-10,4.01
2018-05-11,4.01
2018-05-14,4.01
2018-05-15,4.08
2018-05-16,4.08
2018-05-17,4.09
2018-05-18,4.06
2018-05-21,4.07
2018-05-22,4.06
2018-05-23,4.02
2018-05-24,3.99
2018-05-25,3.96
2018-05-28,3.96
2018-05-29,3.84
2018-05-30,3.92
2018-05-31,3.93
2018-06-01,3.99
2018-06-04,4.02
2018-06-05,4.01
2018-06-06,4.06
2018-06-07,4.03
2018-06-08,4.03
2018-06-11,4.06
2018-06-12,4.06
2018-06-13,4.08
2018-06-14,4.05
2018-06-15,4.04
2018-06-18,4.05
2018-06-19,4.04
2018-06-20,4.07
2018-06-21,4.07
2018-06-22,4.08
2018-06-25,4.06
2018-06-26,4.07
2018-06-27,4.03
2018-06-28,4.05
2018-06-29,4.05
2018-06-30,4.07
2018-07-02,4.09
2018-07-03,4.06
2018-07-04,4.06
2018-07-05,4.06
2018-07-06,4.04
2018-07-09,4.05
2018-07-10,4.05
2018-07-11,4.02
2018-07-12,4.03
2018-07-13,4.00
2018-07-16,4.01
2018-07-17,4.02
2018-07-18,4.02
2018-07-19,4.00
2018-07-20,4.03
2018-07-23,4.08
2018-07-24,4.05
2018-07-25,4.03
2018-07-26,4.05
2018-07-27,4.04
2018-07-30,4.04
2018-07-31,4.04
2018-08-01,4.07
2018-08-02,4.05
2018-08-03,4.02
2018-08-06,4.00
2018-08-07,4.03
2018-08-08,4.03
2018-08-09,4.02
2018-08-10,3.97
2018-08-13,4.00
2018-08-14,4.01
2018-08-15,3.97
2018-08-16,3.98
2018-08-17,3.98
2018-08-20,3.94
2018-08-21,3.95
2018-08-22,3.94
2018-08-23,3.95
2018-08-24,3.95
2018-08-27,3.97
2018-08-28,4.00
2018-08-29,4.00
2018-08-30,3.98
2018-08-31,4.00
2018-09-03,4.00
2018-09-04,4.04
2018-09-05,4.04
2018-09-06,4.02
2018-09-07,4.07
2018-09-10,4.07
2018-09-11,4.10
2018-09-12,4.08
2018-09-13,4.07
2018-09-14,4.09
2018-09-17,4.09
2018-09-18,4.12
2018-09-19,4.14
2018-09-20,4.12
2018-09-21,4.11
2018-09-24,4.12
2018-09-25,4.14
2018-09-26,4.10
2018-09-27,4.10
2018-09-28,4.09
2018-09-30,4.12
2018-10-01,4.14
2018-10-02,4.11
2018-10-03,4.19
2018-10-04,4.22
2018-10-05,4.25
2018-10-08,4.26
2018-10-09,4.24
2018-10-10,4.25
2018-10-11,4.21
2018-10-12,4.22
2018-10-15,4.23
2018-10-16,4.23
2018-10-17,4.25
2018-10-18,4.25
2018-10-19,4.28
2018-10-22,4.28
2018-10-23,4.28
2018-10-24,4.23
2018-10-25,4.27
2018-10-26,4.23
2018-10-29,4.23
2018-10-30,4.27
2018-10-31,4.33
2018-11-01,4.32
2018-11-02,4.37
2018-11-05,4.36
2018-11-06,4.36
2018-11-07,4.36
2018-11-08,4.37
2018-11-09,4.35
2018-11-12,4.35
2018-11-13,4.33
2018-11-14,4.34
2018-11-15,4.37
2018-11-16,4.34
2018-11-19,4.34
2018-11-20,4.37
2018-11-21,4.38
2018-11-22,4.38
2018-11-23,4.37
2018-11-26,4.38
2018-11-27,4.39
2018-11-28,4.39
2018-11-29,4.40
2018-11-30,4.42
2018-12-03,4.40
2018-12-04,4.37
2018-12-05,4.37
2018-12-06,4.37
2018-12-07,4.35
2018-12-10,4.36
2018-12-11,4.38
2018-12-12,4.38
2018-12-13,4.36
2018-12-14,4.34
2018-12-17,4.30
2018-12-18,4.27
2018-12-19,4.24
2018-12-20,4.28
2018-12-21,4.30
2018-12-24,4.26
2018-12-25,
2018-12-26,4.31
2018-12-27,4.27
2018-12-28,4.27
2018-12-31,4.25
2019-01-01,
2019-01-02,4.24
2019-01-03,4.16
2019-01-04,4.25
2019-01-07,4.26
2019-01-08,4.27
2019-01-09,4.25
2019-01-10,4.25
2019-01-11,4.22
2019-01-14,4.22
2019-01-15,4.22
2019-01-16,4.21
2019-01-17,4.21
2019-01-18,4.21
2019-01-21,4.21
2019-01-22,4.16
2019-01-23,4.16
2019-01-24,4.11
2019-01-25,4.12
2019-01-28,4.11
2019-01-29,4.08
2019-01-30,4.05
2019-01-31,3.99
2019-02-01,4.02
2019-02-04,4.03
2019-02-05,3.99
2019-02-06,3.99
2019-02-07,3.96
2019-02-08,3.95
2019-02-11,3.97
2019-02-12,3.98
2019-02-13,4.00
2019-02-14,3.96
2019-02-15,3.96
2019-02-18,3.96
2019-02-19,3.94
2019-02-20,3.95
2019-02-21,3.98
2019-02-22,3.94
2019-02-25,3.95
2019-02-26,3.92
2019-02-27,3.95
2019-02-28,3.98
2019-03-01,4.00
2019-03-04,3.97
2019-03-05,3.97
2019-03-06,3.95
2019-03-07,3.90
2019-03-08,3.90
2019-03-11,3.91
2019-03-12,3.87
2019-03-13,3.87
2019-03-14,3.88
2019-03-15,3.85
2019-03-18,3.85
2019-03-19,3.85
2019-03-20,3.79
2019-03-21,3.78
2019-03-22,3.71
2019-03-25,3.66
2019-03-26,3.66
2019-03-27,3.62
2019-03-28,3.64
2019-03-29,3.66
2019-03-31,3.68
2019-04-01,3.74
2019-04-02,3.72
2019-04-03,3.74
2019-04-04,3.74
2019-04-05,3.72
2019-04-08,3.73
2019-04-09,3.71
2019-04-10,3.68
2019-04-11,3.70
2019-04-12,3.72
2019-04-15,3.71
2019-04-16,3.73
2019-04-17,3.73
2019-04-18,3.70
2019-04-19,
2019-04-22,3.73
2019-04-23,3.71
2019-04-24,3.66
2019-04-25,3.67
2019-04-26,3.64
2019-04-29,3.66
2019-04-30,3.65
2019-05-01,3.66
2019-05-02,3.70
2019-05-03,3.69
2019-05-06,3.66
2019-05-07,3.63
2019-05-08,3.66
2019-05-09,3.65
2019-05-10,3.65
2019-05-13,3.62
2019-05-14,3.63
2019-05-15,3.60
2019-05-16,3.62
2019-05-17,3.61
2019-05-20,3.63
2019-05-21,3.65
2019-05-22,3.63
2019-05-23,3.57
2019-05-24,3.60
2019-05-27,3.60
2019-05-28,3.56
2019-05-29,3.55
2019-05-30,3.54
2019-05-31,3.49
2019-06-03,3.43
2019-06-04,3.46
2019-06-05,3.44
2019-06-06,3.45
2019-06-07,3.42
2019-06-10,3.45
2019-06-11,3.44
2019-06-12,3.43
2019-06-13,3.39
2019-06-14,3.39
2019-06-17,3.39
2019-06-18,3.36
2019-06-19,3.30
2019-06-20,3.26
2019-06-21,3.29
2019-06-24,3.23
2019-06-25,3.22
2019-06-26,3.26
2019-06-27,3.22
2019-06-28,3.20
2019-06-30,3.22
2019-07-01,3.23
2019-07-02,3.19
2019-07-03,3.17
2019-07-04,3.17
2019-07-05,3.25
2019-07-08,3.24
2019-07-09,3.27
2019-07-10,3.25
2019-07-11,3.29
2019-07-12,3.28
2019-07-15,3.26
2019-07-16,3.28
2019-07-17,3.24
2019-07-18,3.21
2019-07-19,3.22
2019-07-22,3.21
2019-07-23,3.22
2019-07-24,3.20
2019-07-25,3.21
2019-07-26,3.22
2019-07-29,3.19
2019-07-30,3.20
2019-07-31,3.20
2019-08-01,3.09
2019-08-02,3.09
2019-08-05,3.01
2019-08-06,3.03
2019-08-07,3.00
2019-08-08,3.02
2019-08-09,3.04
2019-08-12,2.97
2019-08-13,3.02
2019-08-14,2.96
2019-08-15,2.92
2019-08-16,2.91
2019-08-19,2.96
2019-08-20,2.92
2019-08-21,2.93
2019-08-22,2.95
2019-08-23,2.88
2019-08-26,2.89
2019-08-27,2.85
2019-08-28,2.83
2019-08-29,2.87
2019-08-30,2.85
2019-08-31,2.86
2019-09-02,2.86
2019-09-03,2.83
2019-09-04,2.82
2019-09-05,2.91
2019-09-06,2.89
2019-09-09,2.94
2019-09-10,3.02
2019-09-11,3.04
2019-09-12,3.08
2019-09-13,3.16
2019-09-16,3.10
2019-09-17,3.08
2019-09-18,3.06
2019-09-19,3.04
2019-09-20,3.01
2019-09-23,2.97
2019-09-24,2.91
2019-09-25,3.00
2019-09-26,2.96
2019-09-27,2.95
2019-09-30,2.96
2019-10-01,2.93
2019-10-02,2.90
2019-10-03,2.85
2019-10-04,2.83
2019-10-07,2.87
2019-10-08,2.86
2019-10-09,2.89
2019-10-10,2.95
2019-10-11,3.01
2019-10-14,3.00
2019-10-15,3.00
2019-10-16,2.97
2019-10-17,2.97
2019-10-18,2.95
2019-10-21,2.98
2019-10-22,2.95
2019-10-23,2.94
2019-10-24,2.95
2019-10-25,2.97
2019-10-28,2.99
2019-10-29,2.98
2019-10-30,2.96
2019-10-31,2.89
2019-11-01,2.92
2019-11-04,2.95
2019-11-05,3.01
2019-11-06,2.96
2019-11-07,3.04
2019-11-08,3.04
2019-11-11,3.04
2019-11-12,3.02
2019-11-13,2.99
2019-11-14,2.95
2019-11-15,2.97
2019-11-18,2.95
2019-11-19,2.93
2019-11-20,2.90
2019-11-21,2.94
2019-11-22,2.94
2019-11-25,2.92
2019-11-26,2.89
2019-11-27,2.91
2019-11-28,
2019-11-29,2.91
2019-11-30,2.93
2019-12-02,2.97
2019-12-03,2.87
2019-12-04,2.92
2019-12-05,2.92
2019-12-06,2.95
2019-12-09,2.93
2019-12-10,2.93
2019-12-11,2.90
2019-12-12,2.97
2019-12-13,2.89
2019-12-16,2.93
2019-12-17,2.92
2019-12-18,2.93
2019-12-19,2.91
2019-12-20,2.91
2019-12-23,2.93
2019-12-24,2.91
2019-12-25,
2019-12-26,2.90
2019-12-27,2.86
2019-12-30,2.87
2019-12-31,2.90
2020-01-01,
2020-01-02,2.88
2020-01-03,2.82
2020-01-06,2.85
2020-01-07,2.86
2020-01-08,2.90
2020-01-09,2.87
2020-01-10,2.84
2020-01-13,2.85
2020-01-14,2.83
2020-01-15,2.81
2020-01-16,2.82
2020-01-17,2.82
2020-01-20,2.82
2020-01-21,2.76
2020-01-22,2.75
2020-01-23,2.74
2020-01-24,2.70
2020-01-27,2.67
2020-01-28,2.70
2020-01-29,2.65
2020-01-30,2.64
2020-01-31,2.64
2020-02-03,2.64
2020-02-04,2.70
2020-02-05,2.71
2020-02-06,2.70
2020-02-07,2.65
2020-02-10,2.62
2020-02-11,2.65
2020-02-12,2.67
2020-02-13,2.66
2020-02-14,2.64
2020-02-17,2.63
2020-02-18,2.61
2020-02-19,2.63
2020-02-20,2.60
2020-02-21,2.57
2020-02-24,2.52
2020-02-25,2.51
2020-02-26,2.50
2020-02-27,2.54
2020-02-28,2.46
2020-02-29,2.46
2020-03-02,2.45
2020-03-03,2.38
2020-03-04,2.33
2020-03-05,2.30
2020-03-06,2.26
2020-03-09,2.46
2020-03-10,2.67
2020-03-11,2.80
2020-03-12,3.09
2020-03-13,3.23
2020-03-16,3.29
2020-03-17,3.65
2020-03-18,4.17
2020-03-19,4.48
2020-03-20,4.70
2020-03-23,4.68
2020-03-24,4.56
2020-03-25,4.29
2020-03-26,4.03
2020-03-27,3.90
2020-03-30,3.76
2020-03-31,3.68
2020-04-01,3.66
2020-04-02,3.67
2020-04-03,3.66
2020-04-06,3.68
2020-04-07,3.61
2020-04-08,3.53
2020-04-09,3.27
2020-04-10,
2020-04-13,3.14
2020-04-14,3.04
2020-04-15,2.97
2020-04-16,2.94
2020-04-17,2.95
2020-04-20,2.95
2020-04-21,2.96
2020-04-22,2.98
2020-04-23,2.95
2020-04-24,2.93
2020-04-27,2.97
2020-04-28,2.92
2020-04-29,2.90
2020-04-30,2.78
2020-05-01,2.80
2020-05-04,2.81
2020-05-05,2.81
2020-05-06,2.84
2020-05-07,2.79
2020-05-08,2.84
2020-05-11,2.89
2020-05-12,2.84
2020-05-13,2.80
2020-05-14,2.78
2020-05-15,2.78
2020-05-18,2.78
2020-05-19,2.71
2020-05-20,2.63
2020-05-21,2.60
2020-05-22,2.58
2020-05-25,2.58
2020-05-26,2.56
2020-05-27,2.53
2020-05-28,2.52
2020-05-29,2.46
2020-05-31,2.49
2020-06-01,2.48
2020-06-02,2.45
2020-06-03,2.44
2020-06-04,2.44
2020-06-05,2.40
2020-06-08,2.35
2020-06-09,2.33
2020-06-10,2.29
2020-06-11,2.31
2020-06-12,2.34
2020-06-15,2.35
2020-06-16,2.27
2020-06-17,2.25
2020-06-18,2.23
2020-06-19,2.22
2020-06-22,2.23
2020-06-23,2.22
2020-06-24,2.23
2020-06-25,2.24
2020-06-26,2.22
2020-06-29,2.22
2020-06-30,2.22
2020-07-01,2.21
2020-07-02,2.17
2020-07-03,2.17
2020-07-06,2.15
2020-07-07,2.12
2020-07-08,2.12
2020-07-09,2.09
2020-07-10,2.11
2020-07-13,2.10
2020-07-14,2.08
2020-07-15,2.07
2020-07-16,2.05
2020-07-17,2.04
2020-07-20,2.02
2020-07-21,1.98
2020-07-22,1.96
2020-07-23,1.94
2020-07-24,1.95
2020-07-27,1.96
2020-07-28,1.94
2020-07-29,1.94
2020-07-30,1.92
2020-07-31,1.92
2020-08-03,1.93
2020-08-04,1.89
2020-08-05,1.89
2020-08-06,1.87
2020-08-07,1.88
2020-08-10,1.88
2020-08-11,1.94
2020-08-12,1.94
2020-08-13,1.98
2020-08-14,1.99
2020-08-17,1.98
2020-08-18,1.98
2020-08-19,1.98
2020-08-20,1.97
2020-08-21,1.96
2020-08-24,1.96
2020-08-25,1.98
2020-08-26,1.99
2020-08-27,2.03
2020-08-28,2.01
2020-08-31,1.99
2020-09-01,1.96
2020-09-02,1.93
2020-09-03,1.92
2020-09-04,2.00
2020-09-07,2.00
2020-09-08,1.98
2020-09-09,2.00
2020-09-10,1.99
2020-09-11,1.97
2020-09-14,1.97
2020-09-15,1.97
2020-09-16,1.97
2020-09-17,1.96
2020-09-18,1.97
2020-09-21,1.97
2020-09-22,1.97
2020-09-23,1.99
2020-09-24,2.02
2020-09-25,2.05
2020-09-28,2.05
2020-09-29,2.02
2020-09-30,2.05
2020-10-01,2.05
2020-10-02,2.06
2020-10-05,2.08
2020-10-06,2.04
2020-10-07,2.06
2020-10-08,2.04
2020-10-09,2.04
2020-10-12,2.04
2020-10-13,1.99
2020-10-14,1.98
2020-10-15,2.00
2020-10-16,2.00
2020-10-19,2.00
2020-10-20,2.02
2020-10-21,2.03
2020-10-22,2.05
2020-10-23,2.03
2020-10-26,2.01
2020-10-27,1.99
2020-10-28,2.01
2020-10-29,2.05
2020-10-30,2.07
2020-10-31,2.08
2020-11-02,2.07
2020-11-03,2.07
2020-11-04,1.98
2020-11-05,1.95
2020-11-06,1.97
2020-11-09,2.01
2020-11-10,2.02
2020-11-11,2.02
2020-11-12,1.97
2020-11-13,1.97
2020-11-16,1.96
2020-11-17,1.93
2020-11-18,1.92
2020-11-19,1.90
2020-11-20,1.87
2020-11-23,1.89
2020-11-24,1.89
2020-11-25,1.89
2020-11-26,1.89
2020-11-27,1.85
2020-11-30,1.85
2020-12-01,1.89
2020-12-02,1.88
2020-12-03,1.85
2020-12-04,1.88
2020-12-07,1.85
2020-12-08,1.85
2020-12-09,1.89
2020-12-10,1.86
2020-12-11,1.85
2020-12-14,1.85
2020-12-15,1.86
2020-12-16,1.84
2020-12-17,1.84
2020-12-18,1.84
2020-12-21,1.85
2020-12-22,1.82
2020-12-23,1.84
2020-12-24,1.83
2020-12-25,
2020-12-28,1.81
2020-12-29,1.80
2020-12-30,1.79
2020-12-31,1.79
2021-01-01,
2021-01-04,1.79
2021-01-05,1.83
2021-01-06,1.89
2021-01-07,1.89
2021-01-08,1.90
2021-01-11,1.91
2021-01-12,1.92
2021-01-13,1.88
2021-01-14,1.89
2021-01-15,1.87
2021-01-18,1.87
2021-01-19,1.85
2021-01-20,1.85
2021-01-21,1.87
2021-01-22,1.87
2021-01-25,1.85
2021-01-26,1.85
2021-01-27,1.84
2021-01-28,1.87
2021-01-29,1.88
2021-01-31,1.90
2021-02-01,1.89
2021-02-02,1.90
2021-02-03,1.91
2021-02-04,1.91
2021-02-05,1.91
2021-02-08,1.89
2021-02-09,1.89
2021-02-10,1.87
2021-02-11,1.88
2021-02-12,1.91
2021-02-15,1.91
2021-02-16,1.96
2021-02-17,1.95
2021-02-18,1.94
2021-02-19,1.97
2021-02-22,2.00
2021-02-23,2.02
2021-02-24,2.04
2021-02-25,2.14
2021-02-26,2.10
2021-02-28,2.11
2021-03-01,2.10
2021-03-02,2.08
2021-03-03,2.12
2021-03-04,2.18
2021-03-05,2.20
2021-03-08,2.26
2021-03-09,2.25
2021-03-10,2.23
2021-03-11,2.22
2021-03-12,2.29
2021-03-15,2.27
2021-03-16,2.27
2021-03-17,2.27
2021-03-18,2.31
2021-03-19,2.31
2021-03-22,2.27
2021-03-23,2.25
2021-03-24,2.24
2021-03-25,2.24
2021-03-26,2.26
2021-03-29,2.29
2021-03-30,2.28
2021-03-31,2.30
2021-04-01,2.24
2021-04-02,
2021-04-05,2.26
2021-04-06,2.22
2021-04-07,2.21
2021-04-08,2.20
2021-04-09,2.21
2021-04-12,2.22
2021-04-13,2.19
2021-04-14,2.19
2021-04-15,2.13
2021-04-16,2.16
2021-04-19,2.18
2021-04-20,2.17
2021-04-21,2.17
2021-04-22,2.16
2021-04-23,2.16
2021-04-26,2.16
2021-04-27,2.18
2021-04-28,2.18
2021-04-29,2.18
2021-04-30,2.20
2021-05-03,2.17
2021-05-04,2.17
2021-05-05,2.15
2021-05-06,2.14
2021-05-07,2.14
2021-05-10,2.15
2021-05-11,2.18
2021-05-12,2.23
2021-05-13,2.21
2021-05-14,2.18
2021-05-17,2.17
2021-05-18,2.17
2021-05-19,2.21
2021-05-20,2.17
2021-05-21,2.16
2021-05-24,2.14
2021-05-25,2.11
2021-05-26,2.11
2021-05-27,2.13
2021-05-28,2.11
2021-05-31,2.14
2021-06-01,2.15
2021-06-02,2.13
2021-06-03,2.16
2021-06-04,2.12
2021-06-07,2.12
2021-06-08,2.10
2021-06-09,2.07
2021-06-10,2.05
2021-06-11,2.05
2021-06-14,2.08
2021-06-15,2.07
2021-06-16,2.12
2021-06-17,2.08
2021-06-18,2.06
2021-06-21,2.08
2021-06-22,2.07
2021-06-23,2.09
2021-06-24,2.08
2021-06-25,2.11
2021-06-28,2.07
2021-06-29,2.06
2021-06-30,2.05
2021-07-01,2.08
2021-07-02,2.05
2021-07-05,2.05
2021-07-06,2.01
2021-07-07,1.98
2021-07-08,1.97
2021-07-09,2.01
2021-07-12,2.02
2021-07-13,2.06
2021-07-14,2.01
2021-07-15,1.99
2021-07-16,1.99
2021-07-19,1.93
2021-07-20,1.95
2021-07-21,1.99
2021-07-22,1.97
2021-07-23,1.98
2021-07-26,1.97
2021-07-27,1.95
2021-07-28,1.96
2021-07-29,1.96
2021-07-30,1.94
2021-07-31,1.95
2021-08-02,1.92
2021-08-03,1.92
2021-08-04,1.93
2021-08-05,1.96
2021-08-06,2.01
2021-08-09,2.03
2021-08-10,2.05
2021-08-11,2.06
2021-08-12,2.06
2021-08-13,2.01
2021-08-16,1.98
2021-08-17,1.99
2021-08-18,2.00
2021-08-19,2.00
2021-08-20,2.01
2021-08-23,2.00
2021-08-24,2.01
2021-08-25,2.04
2021-08-26,2.03
2021-08-27,2.00
2021-08-30,1.98
2021-08-31,2.00
2021-09-01,2.00
2021-09-02,1.99
2021-09-03,2.01
2021-09-06,2.01
2021-09-07,2.04
2021-09-08,2.02
2021-09-09,1.99
2021-09-10,2.01
2021-09-13,1.99
2021-09-14,1.96
2021-09-15,1.97
2021-09-16,1.99
2021-09-17,2.01
2021-09-20,1.98
2021-09-21,1.99
2021-09-22,2.00
2021-09-23,2.04
2021-09-24,2.07
2021-09-27,2.07
2021-09-28,2.11
2021-09-29,2.12
2021-09-30,2.14
2021-10-01,2.10
2021-10-04,2.11
2021-10-05,2.14
2021-10-06,2.15
2021-10-07,2.18
2021-10-08,2.21
2021-10-11,2.21
2021-10-12,2.21
2021-10-13,2.19
2021-10-14,2.17
2021-10-15,2.20
2021-10-18,2.21
2021-10-19,2.23
2021-10-20,2.24
2021-10-21,2.28
2021-10-22,2.28
2021-10-25,2.25
2021-10-26,2.24
2021-10-27,2.18
2021-10-28,2.21
2021-10-29,2.21
2021-10-31,2.23
2021-11-01,2.25
2021-11-02,2.22
2021-11-03,2.24
2021-11-04,2.19
2021-11-05,2.13
2021-11-08,2.16
2021-11-09,2.12
2021-11-10,2.22
2021-11-11,2.23
2021-11-12,2.26
2021-11-15,2.29
2021-11-16,2.32
2021-11-17,2.30
2021-11-18,2.29
2021-11-19,2.26
2021-11-22,2.34
2021-11-23,2.38
2021-11-24,2.38
2021-11-25,2.38
2021-11-26,2.29
2021-11-29,2.31
2021-11-30,2.29
2021-12-01,2.30
2021-12-02,2.33
2021-12-03,2.25
2021-12-06,2.31
2021-12-07,2.33
2021-12-08,2.35
2021-12-09,2.34
2021-12-10,2.35
2021-12-13,2.30
2021-12-14,2.32
2021-12-15,2.35
2021-12-16,2.31
2021-12-17,2.30
2021-12-20,2.32
2021-12-21,2.36
2021-12-22,2.33
2021-12-23,2.36
2021-12-24,
2021-12-27,2.35
2021-12-28,2.34
2021-12-29,2.37
2021-12-30,2.35
2021-12-31,2.35
2022-01-03,2.45
2022-01-04,2.46
2022-01-05,2.49
2022-01-06,2.52
2022-01-07,2.54
2022-01-10,2.57
2022-01-11,2.55
2022-01-12,2.54
2022-01-13,2.54
2022-01-14,2.60
2022-01-17,2.60
2022-01-18,2.69
2022-01-19,2.66
2022-01-20,2.67
2022-01-21,2.64
2022-01-24,2.64
2022-01-25,2.68
2022-01-26,2.73
2022-01-27,2.75
2022-01-28,2.76
2022-01-31,2.78
2022-02-01,2.78
2022-02-02,2.75
2022-02-03,2.80
2022-02-04,2.92
2022-02-07,2.91
2022-02-08,2.94
2022-02-09,2.92
2022-02-10,3.05
2022-02-11,3.01
2022-02-14,3.07
2022-02-15,3.10
2022-02-16,3.12
2022-02-17,3.09
2022-02-18,3.09
2022-02-21,3.09
2022-02-22,3.13
2022-02-23,3.17
2022-02-24,3.21
2022-02-25,3.21
2022-02-28,3.11
2022-03-01,3.02
2022-03-02,3.18
2022-03-03,3.17
2022-03-04,3.13
2022-03-07,3.21
2022-03-08,3.37
2022-03-09,3.41
2022-03-10,3.49
2022-03-11,3.51
2022-03-14,3.64
2022-03-15,3.66
2022-03-16,3.65
2022-03-17,3.58
2022-03-18,3.53
2022-03-21,3.66
2022-03-22,3.68
2022-03-23,3.63
2022-03-24,3.66
2022-03-25,3.78
2022-03-28,3.77
2022-03-29,3.69
2022-03-30,3.64
2022-03-31,3.59
2022-04-01,3.64
2022-04-04,3.65
2022-04-05,3.74
2022-04-06,3.79
2022-04-07,3.81
2022-04-08,3.89
2022-04-11,3.96
2022-04-12,3.91
2022-04-13,3.90
2022-04-14,3.99
2022-04-15,
2022-04-18,4.03
2022-04-19,4.11
2022-04-20,4.07
2022-04-21,4.17
2022-04-22,4.20
2022-04-25,4.14
2022-04-26,4.10
2022-04-27,4.13
2022-04-28,4.19
2022-04-29,4.24
2022-04-30,4.27
2022-05-02,4.36
2022-05-03,4.33
2022-05-04,4.27
2022-05-05,4.38
2022-05-06,4.43
2022-05-09,4.42
2022-05-10,4.36
2022-05-11,4.32
2022-05-12,4.26
2022-05-13,4.36
2022-05-16,4.33
2022-05-17,4.43
2022-05-18,4.40
2022-05-19,4.38
2022-05-20,4.33
2022-05-23,4.38
2022-05-24,4.28
2022-05-25,4.22
2022-05-26,4.17
2022-05-27,4.15
2022-05-30,4.16
2022-05-31,4.23
2022-06-01,4.29
2022-06-02,4.28
2022-06-03,4.32
2022-06-06,4.38
2022-06-07,4.34
2022-06-08,4.38
2022-06-09,4.42
2022-06-10,4.59
2022-06-13,4.85
2022-06-14,4.96
2022-06-15,4.86
2022-06-16,4.82
2022-06-17,4.79
2022-06-20,4.80
2022-06-21,4.84
2022-06-22,4.74
2022-06-23,4.69
2022-06-24,4.72
2022-06-27,4.78
2022-06-28,4.81
2022-06-29,4.73
2022-06-30,4.68
2022-07-01,4.63
2022-07-04,4.63
2022-07-05,4.58
2022-07-06,4.67
2022-07-07,4.71
2022-07-08,4.76
2022-07-11,4.68
2022-07-12,4.66
2022-07-13,4.66
2022-07-14,4.70
2022-07-15,4.66
2022-07-18,4.67
2022-07-19,4.71
2022-07-20,4.71
2022-07-21,4.58
2022-07-22,4.46
2022-07-25,4.51
2022-07-26,4.52
2022-07-27,4.45
2022-07-28,4.39
2022-07-29,4.34
2022-07-31,4.36
2022-08-01,4.33
2022-08-02,4.46
2022-08-03,4.46
2022-08-04,4.39
2022-08-05,4.55
2022-08-08,4.49
2022-08-09,4.54
2022-08-10,4.49
2022-08-11,4.52
2022-08-12,4.49
2022-08-15,4.43
2022-08-16,4.46
2022-08-17,4.53
2022-08-18,4.52
2022-08-19,4.61
2022-08-22,4.68
2022-08-23,4.69
2022-08-24,4.73
2022-08-25,4.66
2022-08-26,4.67
2022-08-29,4.75
2022-08-30,4.77
2022-08-31,4.82
2022-09-01,4.95
2022-09-02,4.87
2022-09-05,4.88
2022-09-06,5.01
2022-09-07,4.94
2022-09-08,4.96
2022-09-09,4.98
2022-09-12,4.99
2022-09-13,5.09
2022-09-14,5.08
2022-09-15,5.13
2022-09-16,5.15
2022-09-19,5.18
2022-09-20,5.24
2022-09-21,5.21
2022-09-22,5.38
2022-09-23,5.44
2022-09-26,5.62
2022-09-27,5.75
2022-09-28,5.57
2022-09-29,5.67
2022-09-30,5.72
2022-10-03,5.58
2022-10-04,5.51
2022-10-05,5.61
2022-10-06,5.65
2022-10-07,5.73
2022-10-10,5.74
2022-10-11,5.83
2022-10-12,5.84
2022-10-13,5.94
2022-10-14,5.98
2022-10-17,5.97
2022-10-18,5.93
2022-10-19,6.06
2022-10-20,6.14
2022-10-21,6.13
2022-10-24,6.12
2022-10-25,6.00
2022-10-26,5.94
2022-10-27,5.85
2022-10-28,5.91
2022-10-31,5.98
2022-11-01,5.96
2022-11-02,5.97
2022-11-03,6.06
2022-11-04,6.06
2022-11-07,6.09
2022-11-08,6.01
2022-11-09,5.98
2022-11-10,5.68
2022-11-11,5.68
2022-11-14,5.67
2022-11-15,5.55
2022-11-16,5.48
2022-11-17,5.55
2022-11-18,5.57
2022-11-21,5.57
2022-11-22,5.51
2022-11-23,5.44
2022-11-24,5.44
2022-11-25,5.43
2022-11-28,5.42
2022-11-29,5.48
2022-11-30,5.39
2022-12-01,5.23
2022-12-02,5.20
2022-12-05,5.31
2022-12-06,5.25
2022-12-07,5.15
2022-12-08,5.19
2022-12-09,5.27
2022-12-12,5.28
2022-12-13,5.16
2022-12-14,5.14
2022-12-15,5.14
2022-12-16,5.18
2022-12-19,5.27
2022-12-20,5.35
2022-12-21,5.32
2022-12-22,5.33
2022-12-23,5.38
2022-12-26,
2022-12-27,5.47
2022-12-28,5.50
2022-12-29,5.46
2022-12-30,5.48
2022-12-31,5.49
