Date,stock_weight,bond_weight,portfolio_value
2020-01-03,0.5,0.5,9877.433278962297
2020-01-06,0.5,0.5,9931.022871111854
2020-01-07,0.5,0.5,9945.49382975488
2020-01-08,0.5,0.5,10049.002647671303
2020-01-09,0.5,0.5,10010.112785234185
2020-01-10,0.5,0.5,9969.117400506875
2020-01-13,0.5,0.5,9994.472554606233
2020-01-14,0.5,0.5,9968.705465729156
2020-01-15,0.5,0.5,9940.152759222052
2020-01-16,0.5,0.5,9985.638691895463
2020-01-17,0.5,0.5,10004.859392912009
2020-01-21,0.5,0.5,9898.289747571767
2020-01-22,0.5,0.5,9892.218895000566
2020-01-23,0.5,0.5,9858.095379355602
2020-01-24,0.5,0.5,9795.47252214882
2020-01-27,0.5,0.5,9631.833827071227
2020-01-28,0.5,0.5,9725.742208857782
2020-01-29,0.5,0.5,9647.069958494554
2020-01-30,0.5,0.5,9617.795664142543
2020-01-31,0.5,0.5,9612.556611232665
2020-02-03,0.5,0.5,9592.21744326833
2020-02-04,0.5,0.5,9757.685436984753
2020-02-05,0.5,0.5,9820.989486198723
2020-02-06,0.5,0.5,9818.141230951042
2020-02-07,0.5,0.5,9717.64294071721
2020-02-10,0.5,0.5,9678.400190049035
2020-02-11,0.5,0.5,9767.546773209817
2020-02-12,0.5,0.5,9812.854727317046
2020-02-13,0.5,0.5,9799.73129330545
2020-02-14,0.5,0.5,9756.521054106677
2020-02-18,0.5,0.5,9692.890260139115
2020-02-19,0.5,0.5,9756.607764974106
2020-02-20,0.5,0.5,9694.679516566905
2020-02-21,0.5,0.5,9598.143961403372
2020-02-24,0.5,0.5,9360.623074900033
2020-02-25,0.5,0.5,9323.643842577289
2020-02-26,0.5,0.5,9212.494587835788
2020-02-27,0.5,0.5,9162.531933050246
2020-02-28,0.5,0.5,8815.068282745313
2020-03-02,0.5,0.5,8992.590486184357
2020-03-03,0.5,0.5,8930.690155122857
2020-03-04,0.5,0.5,8828.694848600559
2020-03-05,0.5,0.5,8704.281455942044
2020-03-06,0.5,0.5,8491.5076001851
2020-03-09,0.5,0.5,8693.706839888831
2020-03-10,0.5,0.5,9093.16311919837
2020-03-11,0.5,0.5,9224.644473589968
2020-03-12,0.5,0.5,9433.585295346362
2020-03-13,0.5,0.5,9736.594787139762
2020-03-16,0.5,0.5,9560.659252332971
2020-03-17,0.5,0.5,10066.855180038947
2020-03-18,0.5,0.5,10586.151416446304
2020-03-19,0.5,0.5,11008.549006355108
2020-03-20,0.5,0.5,11247.700899375921
2020-03-23,0.5,0.5,10874.647477935952
2020-03-24,0.5,0.5,11087.31386370124
2020-03-25,0.5,0.5,11034.498836787898
2020-03-26,0.5,0.5,10840.850453083116
2020-03-27,0.5,0.5,10622.626366398385
2020-03-30,0.5,0.5,10464.226991397834
2020-03-31,0.5,0.5,10371.970383193837
2020-04-01,0.5,0.5,10110.853493442857
2020-04-02,0.5,0.5,10145.647274428953
2020-04-03,0.5,0.5,10141.75728763843
2020-04-06,0.5,0.5,10446.50787972411
2020-04-07,0.5,0.5,10503.33165633204
2020-04-08,0.5,0.5,10394.304461587233
2020-04-09,0.5,0.5,10120.358503314945
2020-04-13,0.5,0.5,9854.360816510847
2020-04-14,0.5,0.5,9820.320304817717
2020-04-15,0.5,0.5,9621.221412626779
2020-04-16,0.5,0.5,9580.578954587996
2020-04-17,0.5,0.5,9720.977397779941
2020-04-20,0.5,0.5,9703.69099475504
2020-04-21,0.5,0.5,9579.029344140768
2020-04-22,0.5,0.5,9662.21710075902
2020-04-23,0.5,0.5,9664.722444849438
2020-04-24,0.5,0.5,9628.240828409262
2020-04-27,0.5,0.5,9770.1869193545
2020-04-28,0.5,0.5,9744.498981526947
2020-04-29,0.5,0.5,9767.353394307307
2020-04-30,0.5,0.5,9525.686278757325
2020-05-01,0.5,0.5,9459.49170720345
2020-05-04,0.5,0.5,9435.417830320765
2020-05-05,0.5,0.5,9524.970420514514
2020-05-06,0.5,0.5,9564.115803621604
2020-05-07,0.5,0.5,9497.804681392217
2020-05-08,0.5,0.5,9632.397268313136
2020-05-11,0.5,0.5,9737.047986591553
2020-05-12,0.5,0.5,9655.413685891135
2020-05-13,0.5,0.5,9469.945984577978
2020-05-14,0.5,0.5,9400.968636971389
2020-05-15,0.5,0.5,9421.08667151069
2020-05-18,0.5,0.5,9590.567117793871
2020-05-19,0.5,0.5,9463.553785996528
2020-05-20,0.5,0.5,9349.539010277478
2020-05-21,0.5,0.5,9293.40685616635
2020-05-22,0.5,0.5,9223.74682210207
2020-05-26,0.5,0.5,9289.318636176688
2020-05-27,0.5,0.5,9257.223015644851
2020-05-28,0.5,0.5,9288.350660487231
2020-05-29,0.5,0.5,9148.263437940197
2020-06-01,0.5,0.5,9204.968123205716
2020-06-02,0.5,0.5,9177.684958681908
2020-06-03,0.5,0.5,9233.22950660771
2020-06-04,0.5,0.5,9230.236200004267
2020-06-05,0.5,0.5,9276.72272693417
2020-06-08,0.5,0.5,9211.01036281105
2020-06-09,0.5,0.5,9156.9716800188
2020-06-10,0.5,0.5,9079.166736820662
2020-06-11,0.5,0.5,8978.342120886382
2020-06-12,0.5,0.5,8986.182418530698
2020-06-15,0.5,0.5,8992.785060507338
2020-06-16,0.5,0.5,8947.302327220814
2020-06-17,0.5,0.5,8890.451597953099
2020-06-18,0.5,0.5,8820.993940192637
2020-06-19,0.5,0.5,8851.441916156287
2020-06-22,0.5,0.5,8822.835932352258
2020-06-23,0.5,0.5,8851.084465884327
2020-06-24,0.5,0.5,8815.063713137379
2020-06-25,0.5,0.5,8794.134930174047
2020-06-26,0.5,0.5,8737.037774110418
2020-06-29,0.5,0.5,8708.840177307264
2020-06-30,0.5,0.5,8790.998409796783
2020-07-01,0.5,0.5,8795.115065554557
2020-07-02,0.5,0.5,8768.051356823518
2020-07-06,0.5,0.5,8750.882637896311
2020-07-07,0.5,0.5,8691.974409309933
2020-07-08,0.5,0.5,8675.118323068904
2020-07-09,0.5,0.5,8624.650700625307
2020-07-10,0.5,0.5,8675.464468488071
2020-07-13,0.5,0.5,8720.922150556917
2020-07-14,0.5,0.5,8633.071003429039
2020-07-15,0.5,0.5,8662.658674755563
2020-07-16,0.5,0.5,8596.881307182077
2020-07-17,0.5,0.5,8593.438843870908
2020-07-20,0.5,0.5,8584.653992268682
2020-07-21,0.5,0.5,8524.263115677822
2020-07-22,0.5,0.5,8483.851344686156
2020-07-23,0.5,0.5,8441.432958360574
2020-07-24,0.5,0.5,8395.335882314677
2020-07-27,0.5,0.5,8435.293073955445
2020-07-28,0.5,0.5,8395.235591096918
2020-07-29,0.5,0.5,8422.43707853852
2020-07-30,0.5,0.5,8361.195819448943
2020-07-31,0.5,0.5,8388.522763119216
2020-08-03,0.5,0.5,8449.539701323713
2020-08-04,0.5,0.5,8367.237251363787
2020-08-05,0.5,0.5,8397.511986477111
2020-08-06,0.5,0.5,8378.620397226137
2020-08-07,0.5,0.5,8402.91087328505
2020-08-10,0.5,0.5,8416.382940856995
2020-08-11,0.5,0.5,8572.85837771179
2020-08-12,0.5,0.5,8581.580662005013
2020-08-13,0.5,0.5,8669.227459089205
2020-08-14,0.5,0.5,8679.947787714014
2020-08-17,0.5,0.5,8669.802980604147
2020-08-18,0.5,0.5,8679.361866506322
2020-08-19,0.5,0.5,8685.08832951023
2020-08-20,0.5,0.5,8651.991897457632
2020-08-21,0.5,0.5,8641.718778812592
2020-08-24,0.5,0.5,8682.551542234296
2020-08-25,0.5,0.5,8742.180790359997
2020-08-26,0.5,0.5,8811.036632706586
2020-08-27,0.5,0.5,8925.293142625633
2020-08-28,0.5,0.5,8891.331439990674
2020-08-31,0.5,0.5,8854.114355075404
2020-09-01,0.5,0.5,8804.0765528312
2020-09-02,0.5,0.5,8811.662291356535
2020-09-03,0.5,0.5,8760.27324471136
2020-09-04,0.5,0.5,8837.478979738193
2020-09-08,0.5,0.5,8667.32682538843
2020-09-09,0.5,0.5,8768.542048679508
2020-09-10,0.5,0.5,8747.619259833771
2020-09-11,0.5,0.5,8631.393256970196
2020-09-14,0.5,0.5,8674.922335546731
2020-09-15,0.5,0.5,8696.017449333614
2020-09-16,0.5,0.5,8708.020721126155
2020-09-17,0.5,0.5,8617.667899756547
2020-09-18,0.5,0.5,8623.183379377955
2020-09-21,0.5,0.5,8524.827545327986
2020-09-22,0.5,0.5,8569.896196964184
2020-09-23,0.5,0.5,8617.321459068846
2020-09-24,0.5,0.5,8624.388070533734
2020-09-25,0.5,0.5,8725.493213644826
2020-09-28,0.5,0.5,8796.550527253092
2020-09-29,0.5,0.5,8728.494837134731
2020-09-30,0.5,0.5,8839.631442282765
2020-10-01,0.5,0.5,8844.346010914192
2020-10-02,0.5,0.5,8829.365538574866
2020-10-05,0.5,0.5,8925.256151709365
2020-10-06,0.5,0.5,8868.218059014494
2020-10-07,0.5,0.5,8904.841229191408
2020-10-08,0.5,0.5,8888.929333779888
2020-10-09,0.5,0.5,8934.131113245072
2020-10-13,0.5,0.5,8890.925196540764
2020-10-14,0.5,0.5,8860.950595574888
2020-10-15,0.5,0.5,8856.901682173559
2020-10-16,0.5,0.5,8890.76469565233
2020-10-19,0.5,0.5,8873.89727834776
2020-10-20,0.5,0.5,8885.975440453512
2020-10-21,0.5,0.5,8892.5470292591
2020-10-22,0.5,0.5,8930.796117166043
2020-10-23,0.5,0.5,8894.88312208204
2020-10-26,0.5,0.5,8818.939785648525
2020-10-27,0.5,0.5,8734.178491865678
2020-10-28,0.5,0.5,8692.213062266534
2020-10-29,0.5,0.5,8776.843455782708
2020-10-30,0.5,0.5,8772.214066017359
2020-11-02,0.5,0.5,8805.671231299817
2020-11-03,0.5,0.5,8884.139023099078
2020-11-04,0.5,0.5,8817.813637659843
2020-11-05,0.5,0.5,8805.13935576485
2020-11-06,0.5,0.5,8840.974959320982
2020-11-09,0.5,0.5,9086.897443381838
2020-11-10,0.5,0.5,8998.880947542322
2020-11-12,0.5,0.5,8902.434251530116
2020-11-13,0.5,0.5,8933.16467927234
2020-11-16,0.5,0.5,8953.807076414938
2020-11-17,0.5,0.5,8878.620571888598
2020-11-18,0.5,0.5,8850.693330265605
2020-11-19,0.5,0.5,8763.180307635856
2020-11-20,0.5,0.5,8689.12103483389
2020-11-23,0.5,0.5,8745.99582381377
2020-11-24,0.5,0.5,8809.949734084177
2020-11-25,0.5,0.5,8801.713714507048
2020-11-27,0.5,0.5,8719.238666588653
2020-11-30,0.5,0.5,8707.120186930362
2020-12-01,0.5,0.5,8854.284415762939
2020-12-02,0.5,0.5,8821.84591966662
2020-12-03,0.5,0.5,8765.601377892935
2020-12-04,0.5,0.5,8856.27466090938
2020-12-07,0.5,0.5,8783.470123885127
2020-12-08,0.5,0.5,8796.583337672217
2020-12-09,0.5,0.5,8896.35438082314
2020-12-10,0.5,0.5,8785.129607197656
2020-12-11,0.5,0.5,8746.491522832659
2020-12-14,0.5,0.5,8784.308258134452
2020-12-15,0.5,0.5,8805.29377125508
2020-12-16,0.5,0.5,8776.992369637832
2020-12-17,0.5,0.5,8793.369809275464
2020-12-18,0.5,0.5,8795.234455786831
2020-12-21,0.5,0.5,8791.049781090125
2020-12-22,0.5,0.5,8714.263217652007
2020-12-23,0.5,0.5,8777.436242054571
2020-12-24,0.5,0.5,8744.810101975494
2020-12-28,0.5,0.5,8740.337180582192
2020-12-29,0.5,0.5,8734.430436872346
2020-12-30,0.5,0.5,8696.80851303556
2020-12-31,0.5,0.5,8714.88905868279
2021-01-04,0.5,0.5,8726.234080944607
2021-01-05,0.5,0.5,8786.514318700394
2021-01-06,0.5,0.5,8983.693047416418
2021-01-07,0.5,0.5,9017.54481396773
2021-01-08,0.5,0.5,9059.310088470469
2021-01-11,0.5,0.5,9072.69849870424
2021-01-12,0.5,0.5,9088.036529090641
2021-01-13,0.5,0.5,9005.508150361382
2021-01-14,0.5,0.5,9032.57020020075
2021-01-15,0.5,0.5,8943.591621191568
2021-01-19,0.5,0.5,8914.413549737403
2021-01-20,0.5,0.5,8979.106646028065
2021-01-21,0.5,0.5,9029.61969331904
2021-01-22,0.5,0.5,9018.933324848407
2021-01-25,0.5,0.5,8978.80411011244
2021-01-26,0.5,0.5,8992.379608725667
2021-01-27,0.5,0.5,8928.50255081389
2021-01-28,0.5,0.5,8993.924046369479
2021-01-29,0.5,0.5,8956.396344806157
2021-02-01,0.5,0.5,8987.648527216632
2021-02-02,0.5,0.5,9081.213906525702
2021-02-03,0.5,0.5,9110.333970970176
2021-02-04,0.5,0.5,9139.825462600857
2021-02-05,0.5,0.5,9165.95343805419
2021-02-08,0.5,0.5,9142.923264138191
2021-02-09,0.5,0.5,9145.935373658758
2021-02-10,0.5,0.5,9112.890966715822
2021-02-11,0.5,0.5,9130.871112493387
2021-02-12,0.5,0.5,9216.794511030086
2021-02-16,0.5,0.5,9352.883288185483
2021-02-17,0.5,0.5,9309.112913291996
2021-02-18,0.5,0.5,9271.481713266356
2021-02-19,0.5,0.5,9353.13252188421
2021-02-22,0.5,0.5,9391.64052571908
2021-02-23,0.5,0.5,9430.248898443178
2021-02-24,0.5,0.5,9516.472194961614
2021-02-25,0.5,0.5,9745.322682085454
2021-02-26,0.5,0.5,9574.867551846457
2021-03-01,0.5,0.5,9641.104027940408
2021-03-02,0.5,0.5,9585.23138531502
2021-03-03,0.5,0.5,9638.211254593694
2021-03-04,0.5,0.5,9736.291618758352
2021-03-05,0.5,0.5,9791.111149292336
2021-03-08,0.5,0.5,9961.956159938924
2021-03-09,0.5,0.5,9969.049700991814
2021-03-10,0.5,0.5,9942.09534807583
2021-03-11,0.5,0.5,9974.2682727678
2021-03-12,0.5,0.5,10112.278239941963
2021-03-15,0.5,0.5,10100.27680239026
2021-03-16,0.5,0.5,10114.218415283927
2021-03-17,0.5,0.5,10117.813459293495
2021-03-18,0.5,0.5,10188.861866123762
2021-03-19,0.5,0.5,10138.169352503965
2021-03-22,0.5,0.5,10082.883081842632
2021-03-23,0.5,0.5,10030.587837428046
2021-03-24,0.5,0.5,9999.344570639123
2021-03-25,0.5,0.5,9970.75742720788
2021-03-26,0.5,0.5,10089.868279782171
2021-03-29,0.5,0.5,10161.452664658933
2021-03-30,0.5,0.5,10121.63198793184
2021-03-31,0.5,0.5,10199.695652769133
2021-04-01,0.5,0.5,10100.132393197762
2021-04-05,0.5,0.5,10224.088980641445
2021-04-06,0.5,0.5,10137.128237081277
2021-04-07,0.5,0.5,10110.451502668468
2021-04-08,0.5,0.5,10106.222677460484
2021-04-09,0.5,0.5,10167.772312912997
2021-04-12,0.5,0.5,10193.583012193461
2021-04-13,0.5,0.5,10144.740825289759
2021-04-14,0.5,0.5,10149.25306000853
2021-04-15,0.5,0.5,10036.868777835303
2021-04-16,0.5,0.5,10128.97848986565
2021-04-19,0.5,0.5,10163.184434877172
2021-04-20,0.5,0.5,10113.584199987272
2021-04-21,0.5,0.5,10132.842513730577
2021-04-22,0.5,0.5,10115.016175880031
2021-04-23,0.5,0.5,10132.683092593164
2021-04-26,0.5,0.5,10132.707275157247
2021-04-27,0.5,0.5,10178.603471353636
2021-04-28,0.5,0.5,10188.530831774677
2021-04-29,0.5,0.5,10209.446089530202
2021-04-30,0.5,0.5,10231.255991594551
2021-05-03,0.5,0.5,10175.254994190256
2021-05-04,0.5,0.5,10138.572722801693
2021-05-05,0.5,0.5,10102.380472866933
2021-05-06,0.5,0.5,10096.955281706569
2021-05-07,0.5,0.5,10139.40713473242
2021-05-10,0.5,0.5,10161.12366281711
2021-05-11,0.5,0.5,10142.849623269714
2021-05-12,0.5,0.5,10225.88953734687
2021-05-13,0.5,0.5,10176.138408694955
2021-05-14,0.5,0.5,10170.55353401439
2021-05-17,0.5,0.5,10133.599040165847
2021-05-18,0.5,0.5,10130.234849602657
2021-05-19,0.5,0.5,10160.159108073482
2021-05-20,0.5,0.5,10137.152208066782
2021-05-21,0.5,0.5,10133.132764313204
2021-05-24,0.5,0.5,10111.37901219013
2021-05-25,0.5,0.5,10045.188694796854
2021-05-26,0.5,0.5,10032.30259747099
2021-05-27,0.5,0.5,10092.703935749996
2021-05-28,0.5,0.5,10051.284856300126
2021-06-01,0.5,0.5,10165.334048419214
2021-06-02,0.5,0.5,10097.946609283645
2021-06-03,0.5,0.5,10153.519468166376
2021-06-04,0.5,0.5,10094.595133922685
2021-06-07,0.5,0.5,10093.271326039912
2021-06-08,0.5,0.5,10050.908574795849
2021-06-09,0.5,0.5,9979.531063551965
2021-06-10,0.5,0.5,9946.218371732808
2021-06-11,0.5,0.5,9944.626468115557
2021-06-14,0.5,0.5,10025.830581905031
2021-06-15,0.5,0.5,10003.579793184512
2021-06-16,0.5,0.5,10118.20416341148
2021-06-17,0.5,0.5,9999.428274276459
2021-06-18,0.5,0.5,9918.855522490912
2021-06-21,0.5,0.5,9992.317345037478
2021-06-22,0.5,0.5,10003.289291508387
2021-06-23,0.5,0.5,10052.507843391708
2021-06-24,0.5,0.5,10045.79276530205
2021-06-25,0.5,0.5,10135.69016970535
2021-06-28,0.5,0.5,10046.735259229406
2021-06-29,0.5,0.5,10032.275298523728
2021-06-30,0.5,0.5,10010.153126939917
2021-07-01,0.5,0.5,10104.60533837825
2021-07-02,0.5,0.5,10072.393417500538
2021-07-06,0.5,0.5,9975.316908248611
2021-07-07,0.5,0.5,9907.079447924438
2021-07-08,0.5,0.5,9846.856627806816
2021-07-09,0.5,0.5,9993.1162460195
2021-07-12,0.5,0.5,10035.210649800412
2021-07-13,0.5,0.5,10141.077482417673
2021-07-14,0.5,0.5,10019.518481414769
2021-07-15,0.5,0.5,9941.552142944804
2021-07-16,0.5,0.5,9948.457979230681
2021-07-19,0.5,0.5,9709.01522582679
2021-07-20,0.5,0.5,9805.014144475606
2021-07-21,0.5,0.5,9931.420488948312
2021-07-22,0.5,0.5,9893.097421685154
2021-07-23,0.5,0.5,9969.496296518657
2021-07-26,0.5,0.5,9952.84454695019
2021-07-27,0.5,0.5,9895.177411629205
2021-07-28,0.5,0.5,9919.5305772007
2021-07-29,0.5,0.5,9935.81799239896
2021-07-30,0.5,0.5,9865.253032932687
2021-08-02,0.5,0.5,9825.502544326477
2021-08-03,0.5,0.5,9827.290996530726
2021-08-04,0.5,0.5,9844.41899157693
2021-08-05,0.5,0.5,9936.077095220176
2021-08-06,0.5,0.5,10075.216785390314
2021-08-09,0.5,0.5,10123.720423083038
2021-08-10,0.5,0.5,10180.226819204343
2021-08-11,0.5,0.5,10209.900299505869
2021-08-12,0.5,0.5,10224.046896605636
2021-08-13,0.5,0.5,10107.53064615937
2021-08-16,0.5,0.5,10045.548608391317
2021-08-17,0.5,0.5,10050.579977386886
2021-08-18,0.5,0.5,10067.047913004155
2021-08-19,0.5,0.5,10026.694514290539
2021-08-20,0.5,0.5,10080.966076844034
2021-08-23,0.5,0.5,10107.525867660172
2021-08-24,0.5,0.5,10136.092858258166
2021-08-25,0.5,0.5,10221.774742495501
2021-08-26,0.5,0.5,10190.125089538398
2021-08-27,0.5,0.5,10134.581671017264
2021-08-30,0.5,0.5,10110.887935023551
2021-08-31,0.5,0.5,10155.301664670487
2021-09-01,0.5,0.5,10161.710906308163
2021-09-02,0.5,0.5,10146.094328442281
2021-09-03,0.5,0.5,10192.169553704525
2021-09-07,0.5,0.5,10261.418857774186
2021-09-08,0.5,0.5,10195.744091609355
2021-09-09,0.5,0.5,10129.176191177048
2021-09-10,0.5,0.5,10169.533850347601
2021-09-13,0.5,0.5,10088.028809156878
2021-09-14,0.5,0.5,10003.781820557278
2021-09-15,0.5,0.5,10030.62855164811
2021-09-16,0.5,0.5,10080.427672173935
2021-09-17,0.5,0.5,10114.959669218957
2021-09-20,0.5,0.5,9961.919500146761
2021-09-21,0.5,0.5,9977.935049626614
2021-09-22,0.5,0.5,10027.842837914923
2021-09-23,0.5,0.5,10183.348930841878
2021-09-24,0.5,0.5,10255.626970348552
2021-09-27,0.5,0.5,10248.939837548678
2021-09-28,0.5,0.5,10304.551750982591
2021-09-29,0.5,0.5,10289.36782731586
2021-09-30,0.5,0.5,10334.359815620184
2021-10-01,0.5,0.5,10229.099476699374
2021-10-04,0.5,0.5,10230.448562740903
2021-10-05,0.5,0.5,10319.290248260588
2021-10-06,0.5,0.5,10339.078443018507
2021-10-07,0.5,0.5,10487.472004371166
2021-10-08,0.5,0.5,10538.385942787834
2021-10-12,0.5,0.5,10494.042418352718
2021-10-13,0.5,0.5,10444.135354606504
2021-10-14,0.5,0.5,10476.28907631023
2021-10-15,0.5,0.5,10591.285847059466
2021-10-18,0.5,0.5,10630.65551030688
2021-10-19,0.5,0.5,10716.236075585239
2021-10-20,0.5,0.5,10764.52725503839
2021-10-21,0.5,0.5,10873.167448991228
2021-10-22,0.5,0.5,10882.99795943305
2021-10-25,0.5,0.5,10826.854020193121
2021-10-26,0.5,0.5,10833.468245509468
2021-10-27,0.5,0.5,10671.933332781124
2021-10-28,0.5,0.5,10760.471425922213
2021-10-29,0.5,0.5,10772.794370886924
2021-11-01,0.5,0.5,10884.616195641272
2021-11-02,0.5,0.5,10829.49688708763
2021-11-03,0.5,0.5,10911.35000938583
2021-11-04,0.5,0.5,10812.430993648502
2021-11-05,0.5,0.5,10705.297915732648
2021-11-08,0.5,0.5,10776.626110283338
2021-11-09,0.5,0.5,10669.539747934825
2021-11-10,0.5,0.5,10894.350722091307
2021-11-12,0.5,0.5,10996.707213538528
2021-11-15,0.5,0.5,11080.189882105595
2021-11-16,0.5,0.5,11173.442592413012
2021-11-17,0.5,0.5,11109.344131656728
2021-11-18,0.5,0.5,11093.817869598597
2021-11-19,0.5,0.5,11031.694161610896
2021-11-22,0.5,0.5,11257.43740474321
2021-11-23,0.5,0.5,11300.925288689523
2021-11-24,0.5,0.5,11305.109554960178
2021-11-26,0.5,0.5,11045.39512138483
2021-11-29,0.5,0.5,11103.479137910965
2021-11-30,0.5,0.5,11023.417496521046
2021-12-01,0.5,0.5,11055.695398364924
2021-12-02,0.5,0.5,11059.509627470254
2021-12-03,0.5,0.5,10884.772174240123
2021-12-06,0.5,0.5,11035.300309390646
2021-12-07,0.5,0.5,11180.491652708504
2021-12-08,0.5,0.5,11241.600603246306
2021-12-09,0.5,0.5,11205.974591757624
2021-12-10,0.5,0.5,11251.768896677899
2021-12-13,0.5,0.5,11128.166293543447
2021-12-14,0.5,0.5,11117.68798320271
2021-12-15,0.5,0.5,11251.748266481627
2021-12-16,0.5,0.5,11179.136537337166
2021-12-17,0.5,0.5,11077.81672693287
2021-12-20,0.5,0.5,11032.453047649535
2021-12-21,0.5,0.5,11203.596815915545
2021-12-22,0.5,0.5,11188.427639497157
2021-12-23,0.5,0.5,11311.74636651511
2021-12-27,0.5,0.5,11348.32737293821
2021-12-28,0.5,0.5,11342.572629502502
2021-12-29,0.5,0.5,11411.789288603863
2021-12-30,0.5,0.5,11369.422631190691
2021-12-31,0.5,0.5,11343.297761286163
2022-01-03,0.5,0.5,11596.267915294116
2022-01-04,0.5,0.5,11646.502964017842
2022-01-05,0.5,0.5,11692.236721517293
2022-01-06,0.5,0.5,11674.096765591003
2022-01-07,0.5,0.5,11699.347978894155
2022-01-10,0.5,0.5,11725.03753281547
2022-01-11,0.5,0.5,11730.98903491778
2022-01-12,0.5,0.5,11751.162360299604
2022-01-13,0.5,0.5,11745.346953416894
2022-01-14,0.5,0.5,11786.27883758806
2022-01-18,0.5,0.5,11948.724882416882
2022-01-19,0.5,0.5,11855.411133304013
2022-01-20,0.5,0.5,11865.561600203973
2022-01-21,0.5,0.5,11660.20237572101
2022-01-24,0.5,0.5,11560.100818438936
2022-01-25,0.5,0.5,11639.38109024257
2022-01-26,0.5,0.5,11803.660884315306
2022-01-27,0.5,0.5,11814.44167072973
2022-01-28,0.5,0.5,11841.231121894229
2022-01-31,0.5,0.5,11996.556692054983
2022-02-01,0.5,0.5,12041.176492868271
2022-02-02,0.5,0.5,12035.505596603773
2022-02-03,0.5,0.5,12076.259752062122
2022-02-04,0.5,0.5,12330.757274772981
2022-02-07,0.5,0.5,12285.468126997373
2022-02-08,0.5,0.5,12361.646194536823
2022-02-09,0.5,0.5,12399.681498293143
2022-02-10,0.5,0.5,12674.202692122357
2022-02-11,0.5,0.5,12504.65927990466
2022-02-14,0.5,0.5,12491.00625061765
2022-02-15,0.5,0.5,12617.72011921105
2022-02-16,0.5,0.5,12682.090396468275
2022-02-17,0.5,0.5,12573.817852939948
2022-02-18,0.5,0.5,12487.106010649293
2022-02-22,0.5,0.5,12521.783325956747
2022-02-23,0.5,0.5,12572.212963791333
2022-02-24,0.5,0.5,12583.800096817013
2022-02-25,0.5,0.5,12716.546091503124
2022-02-28,0.5,0.5,12523.543674683277
2022-03-01,0.5,0.5,12327.511425275754
2022-03-02,0.5,0.5,12686.488159665974
2022-03-03,0.5,0.5,12688.590342759231
2022-03-04,0.5,0.5,12501.294445396845
2022-03-07,0.5,0.5,12639.303470417377
2022-03-08,0.5,0.5,12881.174084936338
2022-03-09,0.5,0.5,12991.442378754353
2022-03-10,0.5,0.5,13096.817032210094
2022-03-11,0.5,0.5,13169.216137408317
2022-03-14,0.5,0.5,13346.431377785524
2022-03-15,0.5,0.5,13419.9860144921
2022-03-16,0.5,0.5,13539.668777790219
2022-03-17,0.5,0.5,13493.346887242931
2022-03-18,0.5,0.5,13479.740173284268
2022-03-21,0.5,0.5,13752.628774918983
2022-03-22,0.5,0.5,13851.959527299909
2022-03-23,0.5,0.5,13725.799492749487
2022-03-24,0.5,0.5,13812.265470620481
2022-03-25,0.5,0.5,14077.575809083062
2022-03-28,0.5,0.5,14104.816612077091
2022-03-29,0.5,0.5,14050.183828996769
2022-03-30,0.5,0.5,13940.556114676321
2022-03-31,0.5,0.5,13807.60747184527
2022-04-01,0.5,0.5,13822.215744958881
2022-04-04,0.5,0.5,13894.075696085041
2022-04-05,0.5,0.5,14080.453654988236
2022-04-06,0.5,0.5,14037.384974848557
2022-04-07,0.5,0.5,14101.257966390507
2022-04-08,0.5,0.5,14248.13306440265
2022-04-11,0.5,0.5,14287.980220639356
2022-04-12,0.5,0.5,14208.419703231964
2022-04-13,0.5,0.5,14163.110923419443
2022-04-14,0.5,0.5,14336.929835966375
2022-04-18,0.5,0.5,14328.19756647867
2022-04-19,0.5,0.5,14569.045928567037
2022-04-20,0.5,0.5,14526.271973734703
2022-04-21,0.5,0.5,14744.616891639664
2022-04-22,0.5,0.5,14590.009261039537
2022-04-25,0.5,0.5,14341.402680534902
2022-04-26,0.5,0.5,14237.2932085456
2022-04-27,0.5,0.5,14227.098616580677
2022-04-28,0.5,0.5,14444.073541667196
2022-04-29,0.5,0.5,14465.267145286425
2022-05-02,0.5,0.5,14500.789130114776
2022-05-03,0.5,0.5,14503.568897088062
2022-05-04,0.5,0.5,14588.792698224603
2022-05-05,0.5,0.5,14713.660987482683
2022-05-06,0.5,0.5,14603.421233603816
2022-05-09,0.5,0.5,14452.7305996175
2022-05-10,0.5,0.5,14332.591050239324
2022-05-11,0.5,0.5,14232.095373741822
2022-05-12,0.5,0.5,13985.126383690296
2022-05-13,0.5,0.5,14279.922773134114
2022-05-16,0.5,0.5,14244.194715986005
2022-05-17,0.5,0.5,14486.578536896212
2022-05-18,0.5,0.5,14368.931422979202
2022-05-19,0.5,0.5,14148.293280310012
2022-05-20,0.5,0.5,14062.984509320118
2022-05-23,0.5,0.5,14212.757333158444
2022-05-24,0.5,0.5,14003.752733937625
2022-05-25,0.5,0.5,13982.859910888525
2022-05-26,0.5,0.5,14032.55001067157
2022-05-27,0.5,0.5,14142.40527647546
2022-05-31,0.5,0.5,14295.466142967482
2022-06-01,0.5,0.5,14393.76618135327
2022-06-02,0.5,0.5,14395.938287441937
2022-06-03,0.5,0.5,14403.17897706013
2022-06-06,0.5,0.5,14548.590263750415
2022-06-07,0.5,0.5,14475.318293192275
2022-06-08,0.5,0.5,14533.822927181924
2022-06-09,0.5,0.5,14528.498885593954
2022-06-10,0.5,0.5,14552.689045095312
2022-06-13,0.5,0.5,14715.427454510052
2022-06-14,0.5,0.5,14767.341308914603
2022-06-15,0.5,0.5,14734.523148610982
2022-06-16,0.5,0.5,14463.901740818843
2022-06-17,0.5,0.5,14379.181798645139
2022-06-21,0.5,0.5,14593.727888621304
2022-06-22,0.5,0.5,14485.709234119644
2022-06-23,0.5,0.5,14410.812930912047
2022-06-24,0.5,0.5,14667.366166211423
2022-06-27,0.5,0.5,14786.956473090717
2022-06-28,0.5,0.5,14867.505763934263
2022-06-29,0.5,0.5,14537.839881154496
2022-06-30,0.5,0.5,14427.825629409484
2022-07-01,0.5,0.5,14371.211477196734
2022-07-05,0.5,0.5,14298.059559122188
2022-07-06,0.5,0.5,14510.775585098801
2022-07-07,0.5,0.5,14647.368825728674
2022-07-08,0.5,0.5,14739.853811977158
2022-07-11,0.5,0.5,14545.346419986607
2022-07-12,0.5,0.5,14500.155749081518
2022-07-13,0.5,0.5,14417.854696785886
2022-07-14,0.5,0.5,14417.554813908573
2022-07-15,0.5,0.5,14483.824985294556
2022-07-18,0.5,0.5,14572.128875296656
2022-07-19,0.5,0.5,14704.308290307457
2022-07-20,0.5,0.5,14768.353164080103
2022-07-21,0.5,0.5,14611.29272973934
2022-07-22,0.5,0.5,14443.899812130076
2022-07-25,0.5,0.5,14458.01566058648
2022-07-26,0.5,0.5,14433.892298999253
2022-07-27,0.5,0.5,14479.74675760025
2022-07-28,0.5,0.5,14452.726747940216
2022-07-29,0.5,0.5,14478.845194384592
2022-08-01,0.5,0.5,14470.5582389796
2022-08-02,0.5,0.5,14679.963612911188
2022-08-03,0.5,0.5,14728.164340095504
2022-08-04,0.5,0.5,14601.328842947009
2022-08-05,0.5,0.5,14850.376902054753
2022-08-08,0.5,0.5,14815.13217729445
2022-08-09,0.5,0.5,14810.357238423709
2022-08-10,0.5,0.5,14860.76859367037
2022-08-11,0.5,0.5,14993.135476314239
2022-08-12,0.5,0.5,14983.099217684932
2022-08-15,0.5,0.5,14920.30273539325
2022-08-16,0.5,0.5,15011.558794952905
2022-08-17,0.5,0.5,15089.277107044702
2022-08-18,0.5,0.5,15055.698598457826
2022-08-19,0.5,0.5,15159.607625416958
2022-08-22,0.5,0.5,15148.150446191758
2022-08-23,0.5,0.5,15100.583250838406
2022-08-24,0.5,0.5,15159.151744564839
2022-08-25,0.5,0.5,15127.178863350873
2022-08-26,0.5,0.5,15147.911299712514
2022-08-29,0.5,0.5,15025.285092949332
2022-08-30,0.5,0.5,15023.615992504478
2022-08-31,0.5,0.5,15047.368551232976
2022-09-01,0.5,0.5,15165.709463472993
2022-09-02,0.5,0.5,15135.216728324405
2022-09-06,0.5,0.5,15209.867140048362
2022-09-07,0.5,0.5,15191.068318790343
2022-09-08,0.5,0.5,15264.883808494473
2022-09-09,0.5,0.5,15421.855437794396
2022-09-12,0.5,0.5,15517.666981480477
2022-09-13,0.5,0.5,15518.403500983119
2022-09-14,0.5,0.5,15358.665856949461
2022-09-15,0.5,0.5,15428.822575146105
2022-09-16,0.5,0.5,15306.544614535564
2022-09-19,0.5,0.5,15389.580979290813
2022-09-20,0.5,0.5,15430.4948178662
2022-09-21,0.5,0.5,15448.148997245018
2022-09-22,0.5,0.5,15470.519756714715
2022-09-23,0.5,0.5,15426.685496008296
2022-09-26,0.5,0.5,15658.16920909717
2022-09-27,0.5,0.5,15843.188361390834
2022-09-28,0.5,0.5,15636.142059629849
2022-09-29,0.5,0.5,15672.456489432057
2022-09-30,0.5,0.5,15708.467011146053
2022-10-03,0.5,0.5,15573.798852586666
2022-10-04,0.5,0.5,15673.125588618776
2022-10-05,0.5,0.5,15846.328988419255
2022-10-06,0.5,0.5,15884.132477134784
2022-10-07,0.5,0.5,15805.894064649581
2022-10-11,0.5,0.5,15802.930462831904
2022-10-12,0.5,0.5,15746.338609997609
2022-10-13,0.5,0.5,16049.314623152235
2022-10-14,0.5,0.5,16161.250307120705
2022-10-17,0.5,0.5,16099.258116374103
2022-10-18,0.5,0.5,16204.714337100491
2022-10-19,0.5,0.5,16308.673905525295
2022-10-20,0.5,0.5,16432.54915256337
2022-10-21,0.5,0.5,16467.30822096966
2022-10-24,0.5,0.5,16569.672699493913
2022-10-25,0.5,0.5,16520.51623441254
2022-10-26,0.5,0.5,16487.737590471697
2022-10-27,0.5,0.5,16307.251324246547
2022-10-28,0.5,0.5,16486.92745803445
2022-10-31,0.5,0.5,16559.890937268494
2022-11-01,0.5,0.5,16570.60319568679
2022-11-02,0.5,0.5,16547.756623696507
2022-11-03,0.5,0.5,16366.87424829321
2022-11-04,0.5,0.5,16466.69647350478
2022-11-07,0.5,0.5,16545.647179648535
2022-11-08,0.5,0.5,16535.55828550518
2022-11-09,0.5,0.5,16406.02779459991
2022-11-10,0.5,0.5,16295.560670607492
2022-11-14,0.5,0.5,16385.452549505946
2022-11-15,0.5,0.5,16252.66806514089
2022-11-16,0.5,0.5,16057.894154527567
2022-11-17,0.5,0.5,16102.480467843381
2022-11-18,0.5,0.5,16183.535177530664
2022-11-21,0.5,0.5,16147.162097662269
2022-11-22,0.5,0.5,16149.609943990648
2022-11-23,0.5,0.5,16103.265604895849
2022-11-25,0.5,0.5,16088.943842177818
2022-11-28,0.5,0.5,16030.75604766428
2022-11-29,0.5,0.5,16048.5682339196
2022-11-30,0.5,0.5,16125.301072670083
2022-12-01,0.5,0.5,15926.2759969366
2022-12-02,0.5,0.5,15841.700752180679
2022-12-05,0.5,0.5,15954.846527925278
2022-12-06,0.5,0.5,15764.428670899164
2022-12-07,0.5,0.5,15527.737920068294
2022-12-08,0.5,0.5,15620.644295491222
2022-12-09,0.5,0.5,15746.596460954981
2022-12-12,0.5,0.5,15788.638254218247
2022-12-13,0.5,0.5,15827.315606099295
2022-12-14,0.5,0.5,15705.560361013544
2022-12-15,0.5,0.5,15520.774913415851
2022-12-16,0.5,0.5,15448.911253211947
2022-12-19,0.5,0.5,15511.551819351569
2022-12-20,0.5,0.5,15595.847755855199
2022-12-21,0.5,0.5,15656.913256490261
2022-12-22,0.5,0.5,15598.04946165776
2022-12-23,0.5,0.5,15656.112032312736
2022-12-27,0.5,0.5,15788.79450361444
2022-12-28,0.5,0.5,15835.518661012004
2022-12-29,0.5,0.5,15798.24181225425
2022-12-30,0.5,0.5,15789.627977056634
